Time,Junction 0 delay
0,0.0
1,0.0
2,0.0
3,0.0
4,0.0
5,0.0
6,0.0
7,0.0
8,0.0
9,0.0
10,0.0
11,0.0
12,0.0
13,0.0
14,0.0
15,0.0
16,0.0
17,0.0
18,0.0
19,0.0
20,0.0
21,0.0
22,0.0
23,0.0
24,0.0
25,0.0
26,0.0
27,0.0
28,0.0
29,0.0
30,0.0
31,0.0
32,0.0
33,0.0
34,0.0
35,0.0
36,0.0
37,0.0
38,0.0
39,0.0
40,0.0
41,0.0
42,0.0
43,0.0
44,0.0
45,0.0
46,0.0
47,0.0
48,0.0
49,0.0
50,0.0
51,0.0
52,0.0
53,0.0
54,0.0
55,0.0
56,0.0
57,0.0
58,0.0
59,0.0
60,0.0
61,0.0
62,0.0
63,0.0
64,0.0
65,0.0
66,0.0
67,0.0
68,0.0
69,0.0
70,0.0
71,0.0
72,0.0
73,0.0
74,0.0
75,0.0
76,0.0
77,0.0
78,0.0
79,0.0
80,0.0
81,0.0
82,0.0
83,0.0
84,0.0
85,0.0
86,0.0
87,10.678734908039221
88,21.357469816078442
89,32.03620472411767
90,32.03620472411767
91,32.03620472411767
92,32.03620472411767
93,32.243795949890576
94,32.451387175663484
95,32.65897840143639
96,48.1272675681094
97,63.59555673478241
98,79.06384590145542
99,79.06384590145542
100,79.06384590145542
101,79.06384590145542
102,79.06384590145542
103,79.06384590145542
104,79.06384590145542
105,86.78257317402756
106,94.5013004465997
107,102.22002771917184
108,102.64378384656817
109,103.0675399739645
110,103.49129610136083
111,103.49129610136083
112,103.49129610136083
113,103.49129610136083
114,130.52078861132583
115,157.55028112129082
116,184.57977363125582
117,199.3138428128667
118,214.0479119944776
119,228.7819811760885
120,228.7819811760885
121,228.7819811760885
122,228.7819811760885
123,228.7819811760885
124,228.7819811760885
125,228.7819811760885
126,236.50171652153963
127,244.22145186699078
128,251.94118721244192
129,251.94118721244192
130,251.94118721244192
131,251.94118721244192
132,251.94118721244192
133,251.94118721244192
134,251.94118721244192
135,291.54658106979366
136,331.1519749271454
137,370.7573687844971
138,385.7120458039995
139,400.6667228235019
140,415.6213998430043
141,415.6213998430043
142,415.6213998430043
143,415.6213998430043
144,415.6213998430043
145,415.6213998430043
146,415.6213998430043
147,415.6213998430043
148,415.6213998430043
149,415.6213998430043
150,466.03948175536874
151,516.4575636677331
152,566.8756455800975
153,583.0198865801048
154,599.164127580112
155,615.3083685801192
156,618.4131591000458
157,621.5179496199725
158,624.6227401398991
159,624.6227401398991
160,624.6227401398991
161,624.6227401398991
162,639.1066315439176
163,653.5905229479362
164,668.0744143519547
165,673.162668221292
166,678.2509220906294
167,683.3391759599667
168,683.3391759599667
169,683.3391759599667
170,683.3391759599667
171,720.1340182611029
172,756.9288605622392
173,793.7237028633754
174,810.0896296954616
175,826.4555565275477
176,842.8214833596339
177,842.8214833596339
178,842.8214833596339
179,842.8214833596339
180,842.8214833596339
181,842.8214833596339
182,842.8214833596339
183,854.5708785845225
184,866.320273809411
185,878.0696690342995
186,889.1496088946834
187,900.2295487550673
188,911.3094886154512
189,915.4611407004684
190,919.6127927854856
191,923.7644448705028
192,923.7644448705028
193,923.7644448705028
194,923.7644448705028
195,923.7644448705028
196,923.7644448705028
197,923.7644448705028
198,923.7644448705028
199,923.7644448705028
200,923.7644448705028
201,961.7099144456984
202,999.655384020894
203,1037.6008535960896
204,1037.6008535960896
205,1037.6008535960896
206,1037.6008535960896
207,1037.6008535960896
208,1037.6008535960896
209,1037.6008535960896
210,1053.2787428844063
211,1068.956632172723
212,1084.6345214610396
213,1084.6345214610396
214,1084.6345214610396
215,1084.6345214610396
216,1084.6345214610396
217,1084.6345214610396
218,1084.6345214610396
219,1097.6480732489656
220,1110.6616250368916
221,1123.6751768248175
222,1135.9011734182398
223,1148.127170011662
224,1160.3531666050842
225,1165.4718505557687
226,1170.5905345064532
227,1175.7092184571377
228,1175.7092184571377
229,1175.7092184571377
230,1175.7092184571377
231,1175.7092184571377
232,1175.7092184571377
233,1175.7092184571377
234,1217.6272663182456
235,1259.5453141793535
236,1301.4633620404613
237,1327.8737777233468
238,1354.2841934062324
239,1380.6946090891179
240,1384.7506253212628
241,1388.8066415534076
242,1392.8626577855525
243,1395.1926681745329
244,1397.5226785635132
245,1399.8526889524935
246,1399.8526889524935
247,1399.8526889524935
248,1399.8526889524935
249,1399.8526889524935
250,1399.8526889524935
251,1399.8526889524935
252,1413.9405146619713
253,1428.028340371449
254,1442.1161660809269
255,1448.8734365158607
256,1455.6307069507945
257,1462.3879773857284
258,1462.3879773857284
259,1462.3879773857284
260,1462.3879773857284
261,1462.3879773857284
262,1462.3879773857284
263,1462.3879773857284
264,1505.618215353888
265,1548.8484533220476
266,1592.0786912902072
267,1612.9428784685308
268,1633.8070656468544
269,1654.671252825178
270,1654.671252825178
271,1654.671252825178
272,1654.671252825178
273,1667.6862713978308
274,1680.7012899704835
275,1693.7163085431362
276,1697.4827266288514
277,1701.2491447145667
278,1705.015562800282
279,1705.015562800282
280,1705.015562800282
281,1705.015562800282
282,1717.2996596240484
283,1729.583756447815
284,1741.8678532715815
285,1752.4737705476555
286,1763.0796878237295
287,1773.6856050998035
288,1782.9671748514922
289,1792.248744603181
290,1801.5303143548697
291,1801.5303143548697
292,1801.5303143548697
293,1801.5303143548697
294,1824.646348822191
295,1847.7623832895122
296,1870.8784177568334
297,1870.8784177568334
298,1870.8784177568334
299,1870.8784177568334
300,1870.8784177568334
301,1870.8784177568334
302,1870.8784177568334
303,1880.3278666373933
304,1889.7773155179532
305,1899.226764398513
306,1905.200047667705
307,1911.1733309368967
308,1917.1466142060885
309,1917.1466142060885
310,1917.1466142060885
311,1917.1466142060885
312,1936.3806524808767
313,1955.614690755665
314,1974.8487290304531
315,1982.9142027034982
316,1990.9796763765432
317,1999.0451500495883
318,1999.0451500495883
319,1999.0451500495883
320,1999.0451500495883
321,1999.0451500495883
322,1999.0451500495883
323,1999.0451500495883
324,2018.2743939895317
325,2037.5036379294752
326,2056.7328818694186
327,2079.4172851931917
328,2102.1016885169647
329,2124.7860918407378
330,2124.7860918407378
331,2124.7860918407378
332,2124.7860918407378
333,2134.2118701015047
334,2143.6376483622716
335,2153.0634266230386
336,2154.143324092065
337,2155.2232215610916
338,2156.303119030118
339,2156.303119030118
340,2156.303119030118
341,2156.303119030118
342,2156.303119030118
343,2156.303119030118
344,2156.303119030118
345,2190.5210965397014
346,2224.7390740492847
347,2258.957051558868
348,2268.961596948063
349,2278.9661423372577
350,2288.9706877264525
351,2299.6033017001478
352,2310.235915673843
353,2320.8685296475383
354,2320.8685296475383
355,2320.8685296475383
356,2320.8685296475383
357,2320.8685296475383
358,2320.8685296475383
359,2320.8685296475383
360,2335.038747799056
361,2349.208965950574
362,2363.379184102092
363,2377.20883167263
364,2391.038479243168
365,2404.8681268137057
366,2404.9130569219283
367,2404.957987030151
368,2405.0029171383735
369,2404.7254554075807
370,2404.447993676788
371,2404.170531945995
372,2404.170531945995
373,2404.170531945995
374,2404.170531945995
375,2404.170531945995
376,2404.170531945995
377,2404.170531945995
378,2422.2850542854194
379,2440.3995766248436
380,2458.5140989642678
381,2463.811547955648
382,2469.1089969470286
383,2474.406445938409
384,2474.406445938409
385,2474.406445938409
386,2474.406445938409
387,2525.7068959952876
388,2577.007346052166
389,2628.307796109045
390,2642.3329286088797
391,2656.3580611087145
392,2670.3831936085494
393,2670.3831936085494
394,2670.3831936085494
395,2670.3831936085494
396,2688.1559530040176
397,2705.928712399486
398,2723.701471794954
399,2742.839141317194
400,2761.9768108394337
401,2781.1144803616735
402,2792.761628186255
403,2804.408776010837
404,2816.0559238354185
405,2861.852778776755
406,2907.649633718091
407,2953.4464886594274
408,2953.4464886594274
409,2953.4464886594274
410,2953.4464886594274
411,2972.4390300735063
412,2991.431571487585
413,3010.424112901664
414,3010.424112901664
415,3010.424112901664
416,3010.424112901664
417,3014.0278804358304
418,3017.6316479699967
419,3021.235415504163
420,3033.517156543232
421,3045.798897582301
422,3058.08063862137
423,3060.24048642634
424,3062.40033423131
425,3064.56018203628
426,3069.142140091804
427,3073.724098147328
428,3078.306056202852
429,3079.5538388821615
430,3080.801621561471
431,3082.049404240781
432,3085.6319774662666
433,3089.2145506917523
434,3092.797123917238
435,3135.262909104531
436,3177.728694291824
437,3220.194479479117
438,3243.166325245568
439,3266.1381710120186
440,3289.1100167784693
441,3289.1100167784693
442,3289.1100167784693
443,3289.1100167784693
444,3308.4814117491605
445,3327.8528067198517
446,3347.224201690543
447,3360.1321885768207
448,3373.0401754630984
449,3385.948162349376
450,3385.948162349376
451,3385.948162349376
452,3385.948162349376
453,3398.317776340451
454,3410.687390331526
455,3423.0570043226007
456,3439.1337745733877
457,3455.2105448241746
458,3471.2873150749615
459,3475.434176920251
460,3479.5810387655406
461,3483.72790061083
462,3483.72790061083
463,3483.72790061083
464,3483.72790061083
465,3501.969888105862
466,3520.211875600894
467,3538.453863095926
468,3546.9313223872014
469,3555.4087816784768
470,3563.886240969752
471,3563.886240969752
472,3563.886240969752
473,3563.886240969752
474,3571.4929884032827
475,3579.099735836813
476,3586.7064832703436
477,3586.922073976754
478,3587.137664683164
479,3587.3532553895743
480,3587.3532553895743
481,3587.3532553895743
482,3587.3532553895743
483,3587.3532553895743
484,3587.3532553895743
485,3587.3532553895743
486,3625.509170737606
487,3663.6650860856375
488,3701.821001433669
489,3723.6240624378033
490,3745.4271234419375
491,3767.2301844460717
492,3767.2301844460717
493,3767.2301844460717
494,3767.2301844460717
495,3776.6798640684506
496,3786.1295436908295
497,3795.5792233132083
498,3815.9084636757098
499,3836.237704038211
500,3856.5669444007126
501,3856.5669444007126
502,3856.5669444007126
503,3856.5669444007126
504,3888.870630245025
505,3921.1743160893375
506,3953.47800193365
507,3953.47800193365
508,3953.47800193365
509,3953.47800193365
510,3953.47800193365
511,3953.47800193365
512,3953.47800193365
513,3959.3139513795986
514,3965.1499008255473
515,3970.985850271496
516,3971.9971033882975
517,3973.008356505099
518,3974.0196096219006
519,3974.0196096219006
520,3974.0196096219006
521,3974.0196096219006
522,3974.0196096219006
523,3974.0196096219006
524,3974.0196096219006
525,3974.0196096219006
526,3974.0196096219006
527,3974.0196096219006
528,3974.0196096219006
529,3974.0196096219006
530,3974.0196096219006
531,3974.0196096219006
532,3974.0196096219006
533,3974.0196096219006
534,3974.0196096219006
535,3974.0196096219006
536,3974.0196096219006
537,3992.7937391607365
538,4011.5678686995725
539,4030.3419982384085
540,4038.9548332799304
541,4047.5676683214524
542,4056.1805033629744
543,4056.1805033629744
544,4056.1805033629744
545,4056.1805033629744
546,4061.1625300489654
547,4066.1445567349565
548,4071.1265834209476
549,4071.1265834209476
550,4071.1265834209476
551,4071.1265834209476
552,4071.1265834209476
553,4071.1265834209476
554,4071.1265834209476
555,4071.1265834209476
556,4071.1265834209476
557,4071.1265834209476
558,4101.557770822917
559,4131.988958224885
560,4162.420145626854
561,4167.1209250648735
562,4171.821704502893
563,4176.522483940913
564,4176.522483940913
565,4176.522483940913
566,4176.522483940913
567,4181.59938081758
568,4186.676277694247
569,4191.753174570914
570,4193.372783413817
571,4194.99239225672
572,4196.612001099624
573,4196.761429231799
574,4196.910857363975
575,4197.060285496151
576,4197.060285496151
577,4197.060285496151
578,4197.060285496151
579,4226.490187225914
580,4255.920088955678
581,4285.349990685441
582,4292.472249613372
583,4299.594508541302
584,4306.716767469233
585,4306.716767469233
586,4306.716767469233
587,4306.716767469233
588,4336.734154863214
589,4366.751542257195
590,4396.768929651176
591,4413.848670607571
592,4430.928411563966
593,4448.00815252036
594,4448.00815252036
595,4448.00815252036
596,4448.00815252036
597,4459.584615713975
598,4471.161078907589
599,4482.737542101204
600,4484.29723287655
601,4485.856923651896
602,4487.416614427242
603,4487.416614427242
604,4487.416614427242
605,4487.416614427242
606,4513.571336887195
607,4539.726059347147
608,4565.8807818071
609,4577.996046165543
610,4590.111310523986
611,4602.226574882428
612,4605.521976476759
613,4608.8173780710895
614,4612.11277966542
615,4613.342534178252
616,4614.572288691084
617,4615.802043203917
618,4627.107878829921
619,4638.413714455925
620,4649.71955008193
621,4650.792106722268
622,4651.864663362606
623,4652.937220002944
624,4653.160666177887
625,4653.38411235283
626,4653.607558527773
627,4681.770399235626
628,4709.93323994348
629,4738.096080651333
630,4776.10508821483
631,4814.114095778327
632,4852.123103341824
633,4860.397285632799
634,4868.671467923774
635,4876.945650214749
636,4899.824448617388
637,4922.703247020027
638,4945.582045422667
639,4976.728113444633
640,5007.874181466599
641,5039.020249488565
642,5039.020249488565
643,5039.020249488565
644,5039.020249488565
645,5039.020249488565
646,5039.020249488565
647,5039.020249488565
648,5051.338577831706
649,5063.656906174847
650,5075.975234517988
651,5075.975234517988
652,5075.975234517988
653,5075.975234517988
654,5075.975234517988
655,5075.975234517988
656,5075.975234517988
657,5108.434917106385
658,5140.894599694782
659,5173.35428228318
660,5203.789806515113
661,5234.225330747046
662,5264.66085497898
663,5264.66085497898
664,5264.66085497898
665,5264.66085497898
666,5270.584404741105
667,5276.5079545032295
668,5282.431504265354
669,5289.614025062721
670,5296.796545860088
671,5303.979066657455
672,5303.979066657455
673,5303.979066657455
674,5303.979066657455
675,5303.979066657455
676,5303.979066657455
677,5303.979066657455
678,5316.508728676718
679,5329.038390695981
680,5341.568052715244
681,5341.568052715244
682,5341.568052715244
683,5341.568052715244
684,5341.568052715244
685,5341.568052715244
686,5341.568052715244
687,5353.842667676991
688,5366.117282638738
689,5378.391897600485
690,5389.608872454443
691,5400.8258473084015
692,5412.04282216236
693,5412.449777876573
694,5412.856733590786
695,5413.2636893049985
696,5417.413534701676
697,5421.563380098354
698,5425.713225495032
699,5444.6839534656165
700,5463.654681436201
701,5482.625409406785
702,5495.457399244276
703,5508.289389081766
704,5521.121378919256
705,5521.121378919256
706,5521.121378919256
707,5521.121378919256
708,5521.121378919256
709,5521.121378919256
710,5521.121378919256
711,5521.121378919256
712,5521.121378919256
713,5521.121378919256
714,5526.431244635989
715,5531.741110352722
716,5537.050976069455
717,5548.764410810173
718,5560.477845550891
719,5572.1912802916095
720,5572.1912802916095
721,5572.1912802916095
722,5572.1912802916095
723,5583.703240678508
724,5595.215201065407
725,5606.727161452306
726,5606.727161452306
727,5606.727161452306
728,5606.727161452306
729,5620.738687709058
730,5634.750213965809
731,5648.761740222561
732,5648.761740222561
733,5648.761740222561
734,5648.761740222561
735,5660.431905129257
736,5672.102070035953
737,5683.772234942649
738,5693.7543347201
739,5703.73643449755
740,5713.718534275001
741,5717.871236489808
742,5722.023938704616
743,5726.176640919423
744,5738.022591463273
745,5749.868542007122
746,5761.714492550972
747,5771.3794387591315
748,5781.044384967291
749,5790.709331175451
750,5795.964323145222
751,5801.219315114993
752,5806.474307084764
753,5815.672746366667
754,5824.871185648569
755,5834.069624930471
756,5834.069624930471
757,5834.069624930471
758,5834.069624930471
759,5834.069624930471
760,5834.069624930471
761,5834.069624930471
762,5896.976683031142
763,5959.883741131813
764,6022.790799232484
765,6045.967150237836
766,6069.143501243188
767,6092.319852248541
768,6092.319852248541
769,6092.319852248541
770,6092.319852248541
771,6092.319852248541
772,6092.319852248541
773,6092.319852248541
774,6092.319852248541
775,6092.319852248541
776,6092.319852248541
777,6092.319852248541
778,6092.319852248541
779,6092.319852248541
780,6105.817086751977
781,6119.314321255412
782,6132.811555758848
783,6135.359957695179
784,6137.90835963151
785,6140.456761567842
786,6140.456761567842
787,6140.456761567842
788,6140.456761567842
789,6160.891005117182
790,6181.325248666523
791,6201.759492215864
792,6215.47293788686
793,6229.186383557855
794,6242.899829228851
795,6242.899829228851
796,6242.899829228851
797,6242.899829228851
798,6256.295049242679
799,6269.690269256507
800,6283.0854892703355
801,6293.148384926998
802,6303.2112805836605
803,6313.274176240323
804,6319.322776493551
805,6325.371376746779
806,6331.419977000007
807,6332.84197707162
808,6334.263977143233
809,6335.685977214846
810,6366.723011753991
811,6397.760046293136
812,6428.797080832281
813,6444.274637470929
814,6459.7521941095765
815,6475.229750748224
816,6476.39885668511
817,6477.567962621996
818,6478.737068558882
819,6487.016990496461
820,6495.296912434041
821,6503.57683437162
822,6509.757744111051
823,6515.938653850481
824,6522.119563589912
825,6529.031580459326
826,6535.943597328739
827,6542.855614198153
828,6638.432729587593
829,6734.009844977033
830,6829.586960366473
831,6865.911022832045
832,6902.235085297617
833,6938.559147763189
834,6938.559147763189
835,6938.559147763189
836,6938.559147763189
837,6962.357974577963
838,6986.156801392738
839,7009.955628207513
840,7042.752202998849
841,7075.548777790184
842,7108.34535258152
843,7133.552285314551
844,7158.759218047582
845,7183.966150780613
846,7202.985629113806
847,7222.005107446998
848,7241.024585780191
849,7257.1130754944315
850,7273.201565208672
851,7289.2900549229125
852,7296.924122488784
853,7304.558190054655
854,7312.192257620526
855,7318.924808674995
856,7325.657359729464
857,7332.3899107839325
858,7333.937749033785
859,7335.485587283637
860,7337.033425533489
861,7337.433184175025
862,7337.832942816562
863,7338.232701458098
864,7338.530196919811
865,7338.827692381524
866,7339.125187843237
867,7359.155089145163
868,7379.18499044709
869,7399.214891749017
870,7410.411274795604
871,7421.607657842192
872,7432.804040888779
873,7432.804040888779
874,7432.804040888779
875,7432.804040888779
876,7438.276427894484
877,7443.748814900189
878,7449.221201905894
879,7456.159891002782
880,7463.0985800996705
881,7470.037269196559
882,7471.96199203043
883,7473.886714864302
884,7475.811437698174
885,7476.346495870418
886,7476.881554042662
887,7477.416612214906
888,7477.416612214906
889,7477.416612214906
890,7477.416612214906
891,7477.529329272446
892,7477.642046329986
893,7477.7547633875265
894,7502.70813557376
895,7527.661507759994
896,7552.614879946227
897,7573.3159245861425
898,7594.016969226059
899,7614.718013865975
900,7614.718013865975
901,7614.718013865975
902,7614.718013865975
903,7650.550101135199
904,7686.382188404423
905,7722.214275673647
906,7740.083650734264
907,7757.953025794881
908,7775.822400855498
909,7778.411533775187
910,7781.000666694877
911,7783.589799614566
912,7785.967415832077
913,7788.345032049588
914,7790.7226482670985
915,7804.130102955105
916,7817.5375576431115
917,7830.945012331118
918,7842.0506793608865
919,7853.156346390655
920,7864.2620134204235
921,7864.840528291417
922,7865.419043162411
923,7865.997558033405
924,7865.997558033405
925,7865.997558033405
926,7865.997558033405
927,7865.997558033405
928,7865.997558033405
929,7865.997558033405
930,7879.788744614479
931,7893.5799311955525
932,7907.371117776626
933,7918.01787671161
934,7928.664635646594
935,7939.3113945815785
936,7943.867720746248
937,7948.424046910917
938,7952.980373075587
939,7952.980373075587
940,7952.980373075587
941,7952.980373075587
942,7952.980373075587
943,7952.980373075587
944,7952.980373075587
945,7969.35963389337
946,7985.738894711154
947,8002.118155528938
948,8034.566216112913
949,8067.014276696888
950,8099.462337280864
951,8134.522104285077
952,8169.581871289291
953,8204.641638293504
954,8204.641638293504
955,8204.641638293504
956,8204.641638293504
957,8214.200992685288
958,8223.760347077072
959,8233.319701468856
960,8242.493901909045
961,8251.668102349235
962,8260.842302789424
963,8260.842302789424
964,8260.842302789424
965,8260.842302789424
966,8260.842302789424
967,8260.842302789424
968,8260.842302789424
969,8260.842302789424
970,8260.842302789424
971,8260.842302789424
972,8260.842302789424
973,8260.842302789424
974,8260.842302789424
975,8320.780616025206
976,8380.718929260987
977,8440.657242496769
978,8451.977922395969
979,8463.298602295168
980,8474.619282194368
981,8474.619282194368
982,8474.619282194368
983,8474.619282194368
984,8484.826089723454
985,8495.03289725254
986,8505.239704781627
987,8509.051641380493
988,8512.863577979359
989,8516.675514578224
990,8522.416999663408
991,8528.158484748592
992,8533.899969833776
993,8534.614084363451
994,8535.328198893127
995,8536.042313422802
996,8536.042313422802
997,8536.042313422802
998,8536.042313422802
999,8556.00934702191
1000,8575.97638062102
1001,8595.943414220128
1002,8622.664881113938
1003,8649.386348007749
1004,8676.10781490156
1005,8691.052307743701
1006,8705.996800585843
1007,8720.941293427984
1008,8736.70185395409
1009,8752.462414480195
1010,8768.2229750063
1011,8812.979460468197
1012,8857.735945930095
1013,8902.492431391993
1014,8917.436496670207
1015,8932.380561948421
1016,8947.324627226635
1017,8959.135400168256
1018,8970.946173109876
1019,8982.756946051497
1020,8982.756946051497
1021,8982.756946051497
1022,8982.756946051497
1023,8982.756946051497
1024,8982.756946051497
1025,8982.756946051497
1026,8982.756946051497
1027,8982.756946051497
1028,8982.756946051497
1029,9000.660502911158
1030,9018.564059770819
1031,9036.46761663048
1032,9045.154543936575
1033,9053.84147124267
1034,9062.528398548764
1035,9065.000410769188
1036,9067.472422989611
1037,9069.944435210034
1038,9069.944435210034
1039,9069.944435210034
1040,9069.944435210034
1041,9070.242803893865
1042,9070.541172577696
1043,9070.839541261526
1044,9072.248101522046
1045,9073.656661782565
1046,9075.065222043084
1047,9091.547755862035
1048,9108.030289680986
1049,9124.512823499937
1050,9124.512823499937
1051,9124.512823499937
1052,9124.512823499937
1053,9144.681985129893
1054,9164.85114675985
1055,9185.020308389805
1056,9196.67244526815
1057,9208.324582146495
1058,9219.97671902484
1059,9226.109152451892
1060,9232.241585878945
1061,9238.374019305997
1062,9238.374019305997
1063,9238.374019305997
1064,9238.374019305997
1065,9252.071257939531
1066,9265.768496573066
1067,9279.4657352066
1068,9279.4657352066
1069,9279.4657352066
1070,9279.4657352066
1071,9279.4657352066
1072,9279.4657352066
1073,9279.4657352066
1074,9315.69689202033
1075,9351.928048834061
1076,9388.159205647791
1077,9388.596544593602
1078,9389.033883539412
1079,9389.471222485223
1080,9389.471222485223
1081,9389.471222485223
1082,9389.471222485223
1083,9389.471222485223
1084,9389.471222485223
1085,9389.471222485223
1086,9405.938280658773
1087,9422.405338832323
1088,9438.872397005873
1089,9452.76652161613
1090,9466.660646226386
1091,9480.554770836643
1092,9480.554770836643
1093,9480.554770836643
1094,9480.554770836643
1095,9488.712166122586
1096,9496.86956140853
1097,9505.026956694473
1098,9505.87888064302
1099,9506.730804591567
1100,9507.582728540114
1101,9507.582728540114
1102,9507.582728540114
1103,9507.582728540114
1104,9531.961041972672
1105,9556.33935540523
1106,9580.71766883779
1107,9580.71766883779
1108,9580.71766883779
1109,9580.71766883779
1110,9580.71766883779
1111,9580.71766883779
1112,9580.71766883779
1113,9580.71766883779
1114,9580.71766883779
1115,9580.71766883779
1116,9592.048639116087
1117,9603.379609394384
1118,9614.710579672681
1119,9620.096890321192
1120,9625.483200969704
1121,9630.869511618215
1122,9630.869511618215
1123,9630.869511618215
1124,9630.869511618215
1125,9649.164695016443
1126,9667.459878414671
1127,9685.755061812899
1128,9701.293816880583
1129,9716.832571948267
1130,9732.371327015951
1131,9732.371327015951
1132,9732.371327015951
1133,9732.371327015951
1134,9732.371327015951
1135,9732.371327015951
1136,9732.371327015951
1137,9732.371327015951
1138,9732.371327015951
1139,9732.371327015951
1140,9732.371327015951
1141,9732.371327015951
1142,9732.371327015951
1143,9746.819713279954
1144,9761.268099543957
1145,9775.71648580796
1146,9775.71648580796
1147,9775.71648580796
1148,9775.71648580796
1149,9775.71648580796
1150,9775.71648580796
1151,9775.71648580796
1152,9793.978411675367
1153,9812.240337542775
1154,9830.502263410182
1155,9843.00744691594
1156,9855.5126304217
1157,9868.017813927458
1158,9868.631963780146
1159,9869.246113632835
1160,9869.860263485523
1161,9873.591021490107
1162,9877.32177949469
1163,9881.052537499274
1164,9881.482439382144
1165,9881.912341265013
1166,9882.342243147883
1167,9882.342243147883
1168,9882.342243147883
1169,9882.342243147883
1170,9914.4980014482
1171,9946.653759748518
1172,9978.809518048836
1173,9983.57897663748
1174,9988.348435226124
1175,9993.117893814768
1176,9993.117893814768
1177,9993.117893814768
1178,9993.117893814768
1179,10013.291680505496
1180,10033.465467196223
1181,10053.639253886951
1182,10064.641548147252
1183,10075.643842407553
1184,10086.646136667854
1185,10086.646136667854
1186,10086.646136667854
1187,10086.646136667854
1188,10086.646136667854
1189,10086.646136667854
1190,10086.646136667854
1191,10086.646136667854
1192,10086.646136667854
1193,10086.646136667854
1194,10086.646136667854
1195,10086.646136667854
1196,10086.646136667854
1197,10100.613482947667
1198,10114.58082922748
1199,10128.548175507292
1200,10136.50055052811
1201,10144.452925548927
1202,10152.405300569744
1203,10154.322057742998
1204,10156.238814916253
1205,10158.155572089507
1206,10158.155572089507
1207,10158.155572089507
1208,10158.155572089507
1209,10158.174680385267
1210,10158.193788681028
1211,10158.21289697679
1212,10199.829577905255
1213,10241.446258833721
1214,10283.062939762187
1215,10298.314805848719
1216,10313.56667193525
1217,10328.818538021782
1218,10329.406509955803
1219,10329.994481889824
1220,10330.582453823845
1221,10330.582453823845
1222,10330.582453823845
1223,10330.582453823845
1224,10355.447714904803
1225,10380.312975985762
1226,10405.17823706672
1227,10415.413613222441
1228,10425.648989378162
1229,10435.884365533882
1230,10435.884365533882
1231,10435.884365533882
1232,10435.884365533882
1233,10456.567275915582
1234,10477.250186297282
1235,10497.933096678982
1236,10508.322945272315
1237,10518.712793865649
1238,10529.102642458982
1239,10529.102642458982
1240,10529.102642458982
1241,10529.102642458982
1242,10529.379967763012
1243,10529.657293067043
1244,10529.934618371073
1245,10529.934618371073
1246,10529.934618371073
1247,10529.934618371073
1248,10530.753336254293
1249,10531.572054137512
1250,10532.390772020732
1251,10561.059247509309
1252,10589.727722997886
1253,10618.396198486464
1254,10628.736686766119
1255,10639.077175045773
1256,10649.417663325428
1257,10653.5703168578
1258,10657.722970390172
1259,10661.875623922544
1260,10661.875623922544
1261,10661.875623922544
1262,10661.875623922544
1263,10661.875623922544
1264,10661.875623922544
1265,10661.875623922544
1266,10684.207878998099
1267,10706.540134073653
1268,10728.872389149208
1269,10762.611468563638
1270,10796.350547978069
1271,10830.0896273925
1272,10830.0896273925
1273,10830.0896273925
1274,10830.0896273925
1275,10830.0896273925
1276,10830.0896273925
1277,10830.0896273925
1278,10836.935205891505
1279,10843.78078439051
1280,10850.626362889516
1281,10850.626362889516
1282,10850.626362889516
1283,10850.626362889516
1284,10850.626362889516
1285,10850.626362889516
1286,10850.626362889516
1287,10858.005776724713
1288,10865.38519055991
1289,10872.764604395106
1290,10874.87157031786
1291,10876.978536240615
1292,10879.085502163369
1293,10879.085502163369
1294,10879.085502163369
1295,10879.085502163369
1296,10920.669437797078
1297,10962.253373430787
1298,11003.837309064496
1299,11003.837309064496
1300,11003.837309064496
1301,11003.837309064496
1302,11003.837309064496
1303,11003.837309064496
1304,11003.837309064496
1305,11003.837309064496
1306,11003.837309064496
1307,11003.837309064496
1308,11016.310597755493
1309,11028.78388644649
1310,11041.257175137487
1311,11050.383304517822
1312,11059.509433898156
1313,11068.63556327849
1314,11078.354517751604
1315,11088.073472224718
1316,11097.792426697832
1317,11098.634045444513
1318,11099.475664191194
1319,11100.317282937875
1320,11100.317282937875
1321,11100.317282937875
1322,11100.317282937875
1323,11100.317282937875
1324,11100.317282937875
1325,11100.317282937875
1326,11127.93800367077
1327,11155.558724403665
1328,11183.17944513656
1329,11183.17944513656
1330,11183.17944513656
1331,11183.17944513656
1332,11183.17944513656
1333,11183.17944513656
1334,11183.17944513656
1335,11190.481381621534
1336,11197.783318106507
1337,11205.08525459148
1338,11215.605182915167
1339,11226.125111238855
1340,11236.645039562542
1341,11236.645039562542
1342,11236.645039562542
1343,11236.645039562542
1344,11236.645039562542
1345,11236.645039562542
1346,11236.645039562542
1347,11249.575517055475
1348,11262.505994548408
1349,11275.436472041341
1350,11286.463240598725
1351,11297.490009156108
1352,11308.516777713492
1353,11321.212232889015
1354,11333.907688064537
1355,11346.60314324006
1356,11361.193708829229
1357,11375.784274418398
1358,11390.374840007567
1359,11396.371521185485
1360,11402.368202363403
1361,11408.36488354132
1362,11439.909719591107
1363,11471.454555640894
1364,11502.99939169068
1365,11544.446242409007
1366,11585.893093127333
1367,11627.33994384566
1368,11627.33994384566
1369,11627.33994384566
1370,11627.33994384566
1371,11627.33994384566
1372,11627.33994384566
1373,11627.33994384566
1374,11677.668955580526
1375,11727.997967315392
1376,11778.326979050258
1377,11778.976533905185
1378,11779.626088760111
1379,11780.275643615038
1380,11780.275643615038
1381,11780.275643615038
1382,11780.275643615038
1383,11780.887753317695
1384,11781.499863020352
1385,11782.111972723009
1386,11794.926089814906
1387,11807.740206906803
1388,11820.5543239987
1389,11822.16758826596
1390,11823.78085253322
1391,11825.39411680048
1392,11849.412947813054
1393,11873.431778825628
1394,11897.450609838203
1395,11925.877650346858
1396,11954.304690855513
1397,11982.731731364169
1398,11997.242141111117
1399,12011.752550858066
1400,12026.262960605014
1401,12026.262960605014
1402,12026.262960605014
1403,12026.262960605014
1404,12048.07773492074
1405,12069.892509236466
1406,12091.707283552192
1407,12104.98186250625
1408,12118.25644146031
1409,12131.531020414368
1410,12137.343460709426
1411,12143.155901004484
1412,12148.968341299542
1413,12148.968341299542
1414,12148.968341299542
1415,12148.968341299542
1416,12149.330980319563
1417,12149.693619339583
1418,12150.056258359604
1419,12150.056258359604
1420,12150.056258359604
1421,12150.056258359604
1422,12167.375070583868
1423,12184.693882808133
1424,12202.012695032397
1425,12208.79138621365
1426,12215.570077394903
1427,12222.348768576156
1428,12222.585577272699
1429,12222.822385969243
1430,12223.059194665786
1431,12265.730925701233
1432,12308.40265673668
1433,12351.074387772127
1434,12375.455068245334
1435,12399.83574871854
1436,12424.216429191747
1437,12440.520737083212
1438,12456.825044974677
1439,12473.129352866143
1440,12473.129352866143
1441,12473.129352866143
1442,12473.129352866143
1443,12473.129352866143
1444,12473.129352866143
1445,12473.129352866143
1446,12473.129352866143
1447,12473.129352866143
1448,12473.129352866143
1449,12483.306104566249
1450,12493.482856266355
1451,12503.659607966461
1452,12503.659607966461
1453,12503.659607966461
1454,12503.659607966461
1455,12503.659607966461
1456,12503.659607966461
1457,12503.659607966461
1458,12512.59493099778
1459,12521.5302540291
1460,12530.465577060419
1461,12533.1451345156
1462,12535.824691970782
1463,12538.504249425963
1464,12541.238426947364
1465,12543.972604468765
1466,12546.706781990166
1467,12555.133457830287
1468,12563.560133670408
1469,12571.986809510528
1470,12584.988444685176
1471,12597.990079859823
1472,12610.99171503447
1473,12618.306856303665
1474,12625.62199757286
1475,12632.937138842055
1476,12632.937138842055
1477,12632.937138842055
1478,12632.937138842055
1479,12643.806611425702
1480,12654.676084009348
1481,12665.545556592995
1482,12672.69724894265
1483,12679.848941292305
1484,12687.00063364196
1485,12687.163013782738
1486,12687.325393923516
1487,12687.487774064295
1488,12687.487774064295
1489,12687.487774064295
1490,12687.487774064295
1491,12702.839992385329
1492,12718.192210706362
1493,12733.544429027395
1494,12733.544429027395
1495,12733.544429027395
1496,12733.544429027395
1497,12750.868471683776
1498,12768.192514340157
1499,12785.516556996537
1500,12800.381686864908
1501,12815.246816733279
1502,12830.11194660165
1503,12830.11194660165
1504,12830.11194660165
1505,12830.11194660165
1506,12856.345749320517
1507,12882.579552039384
1508,12908.813354758251
1509,12924.483290997148
1510,12940.153227236045
1511,12955.823163474943
1512,12963.31424174422
1513,12970.805320013496
1514,12978.296398282773
1515,12981.13885004245
1516,12983.981301802125
1517,12986.823753561801
1518,12986.823753561801
1519,12986.823753561801
1520,12986.823753561801
1521,12986.823753561801
1522,12986.823753561801
1523,12986.823753561801
1524,12987.229228327229
1525,12987.634703092657
1526,12988.040177858085
1527,12988.040177858085
1528,12988.040177858085
1529,12988.040177858085
1530,12988.040177858085
1531,12988.040177858085
1532,12988.040177858085
1533,12988.040177858085
1534,12988.040177858085
1535,12988.040177858085
1536,12998.256073180162
1537,13008.47196850224
1538,13018.687863824316
1539,13031.866708685595
1540,13045.045553546874
1541,13058.224398408152
1542,13062.338900551238
1543,13066.453402694324
1544,13070.56790483741
1545,13070.56790483741
1546,13070.56790483741
1547,13070.56790483741
1548,13070.56790483741
1549,13070.56790483741
1550,13070.56790483741
1551,13094.202244667129
1552,13117.836584496848
1553,13141.470924326568
1554,13141.470924326568
1555,13141.470924326568
1556,13141.470924326568
1557,13147.024069341887
1558,13152.577214357207
1559,13158.130359372526
1560,13161.796776020747
1561,13165.463192668967
1562,13169.129609317188
1563,13180.557027136818
1564,13191.984444956448
1565,13203.411862776078
1566,13203.411862776078
1567,13203.411862776078
1568,13203.411862776078
1569,13218.375898697615
1570,13233.339934619153
1571,13248.30397054069
1572,13277.53765878128
1573,13306.771347021871
1574,13336.005035262462
1575,13336.005035262462
1576,13336.005035262462
1577,13336.005035262462
1578,13341.948552306689
1579,13347.892069350915
1580,13353.835586395142
1581,13378.862675485076
1582,13403.88976457501
1583,13428.916853664943
1584,13445.833118441733
1585,13462.749383218523
1586,13479.665647995313
1587,13484.235615546037
1588,13488.80558309676
1589,13493.375550647484
1590,13500.37854028424
1591,13507.381529920996
1592,13514.384519557752
1593,13520.385751182836
1594,13526.386982807919
1595,13532.388214433002
1596,13533.373581010275
1597,13534.358947587549
1598,13535.344314164822
1599,13535.402187346082
1600,13535.460060527343
1601,13535.517933708603
1602,13535.517933708603
1603,13535.517933708603
1604,13535.517933708603
1605,13546.135305975098
1606,13556.752678241593
1607,13567.370050508089
1608,13567.370050508089
1609,13567.370050508089
1610,13567.370050508089
1611,13567.370050508089
1612,13567.370050508089
1613,13567.370050508089
1614,13570.254350300522
1615,13573.138650092955
1616,13576.022949885388
1617,13584.60209945269
1618,13593.181249019992
1619,13601.760398587294
1620,13601.760398587294
1621,13601.760398587294
1622,13601.760398587294
1623,13601.760398587294
1624,13601.760398587294
1625,13601.760398587294
1626,13641.13918667857
1627,13680.517974769848
1628,13719.896762861124
1629,13719.896762861124
1630,13719.896762861124
1631,13719.896762861124
1632,13719.896762861124
1633,13719.896762861124
1634,13719.896762861124
1635,13727.80211808742
1636,13735.707473313716
1637,13743.612828540012
1638,13754.008014035671
1639,13764.40319953133
1640,13774.79838502699
1641,13774.79838502699
1642,13774.79838502699
1643,13774.79838502699
1644,13774.79838502699
1645,13774.79838502699
1646,13774.79838502699
1647,13790.042425719988
1648,13805.286466412987
1649,13820.530507105985
1650,13828.99807538872
1651,13837.465643671454
1652,13845.933211954189
1653,13845.933211954189
1654,13845.933211954189
1655,13845.933211954189
1656,13863.969907157638
1657,13882.006602361087
1658,13900.043297564536
1659,13918.913806491079
1660,13937.78431541762
1661,13956.654824344163
1662,13956.654824344163
1663,13956.654824344163
1664,13956.654824344163
1665,13964.948490713634
1666,13973.242157083105
1667,13981.535823452576
1668,13992.696812228816
1669,14003.857801005057
1670,14015.018789781298
1671,14015.018789781298
1672,14015.018789781298
1673,14015.018789781298
1674,14015.018789781298
1675,14015.018789781298
1676,14015.018789781298
1677,14029.607944586387
1678,14044.197099391477
1679,14058.786254196566
1680,14058.786254196566
1681,14058.786254196566
1682,14058.786254196566
1683,14058.786254196566
1684,14058.786254196566
1685,14058.786254196566
1686,14058.966428107724
1687,14059.146602018882
1688,14059.32677593004
1689,14059.32677593004
1690,14059.32677593004
1691,14059.32677593004
1692,14071.726890458685
1693,14084.127004987331
1694,14096.527119515977
1695,14109.85492131884
1696,14123.182723121703
1697,14136.510524924566
1698,14136.510524924566
1699,14136.510524924566
1700,14136.510524924566
1701,14136.510524924566
1702,14136.510524924566
1703,14136.510524924566
1704,14142.26759195628
1705,14148.024658987995
1706,14153.78172601971
1707,14154.535416017052
1708,14155.289106014394
1709,14156.042796011736
1710,14156.042796011736
1711,14156.042796011736
1712,14156.042796011736
1713,14156.042796011736
1714,14156.042796011736
1715,14156.042796011736
1716,14181.187255924075
1717,14206.331715836413
1718,14231.476175748752
1719,14231.476175748752
1720,14231.476175748752
1721,14231.476175748752
1722,14244.044229669797
1723,14256.61228359084
1724,14269.180337511885
1725,14273.200117614218
1726,14277.219897716552
1727,14281.239677818885
1728,14282.08816023823
1729,14282.936642657576
1730,14283.785125076922
1731,14283.785125076922
1732,14283.785125076922
1733,14283.785125076922
1734,14297.60898894813
1735,14311.432852819338
1736,14325.256716690546
1737,14325.256716690546
1738,14325.256716690546
1739,14325.256716690546
1740,14325.256716690546
1741,14325.256716690546
1742,14325.256716690546
1743,14337.399316717463
1744,14349.54191674438
1745,14361.684516771296
1746,14372.897355761403
1747,14384.110194751509
1748,14395.323033741615
1749,14395.323033741615
1750,14395.323033741615
1751,14395.323033741615
1752,14395.323033741615
1753,14395.323033741615
1754,14395.323033741615
1755,14395.323033741615
1756,14395.323033741615
1757,14395.323033741615
1758,14395.323033741615
1759,14395.323033741615
1760,14395.323033741615
1761,14422.783775056592
1762,14450.24451637157
1763,14477.705257686546
1764,14483.160265829125
1765,14488.615273971704
1766,14494.070282114282
1767,14494.070282114282
1768,14494.070282114282
1769,14494.070282114282
1770,14530.562056472856
1771,14567.05383083143
1772,14603.545605190004
1773,14612.908803767354
1774,14622.272002344704
1775,14631.635200922054
1776,14631.635200922054
1777,14631.635200922054
1778,14631.635200922054
1779,14642.260970246549
1780,14652.886739571044
1781,14663.51250889554
1782,14680.08662483414
1783,14696.660740772742
1784,14713.234856711344
1785,14713.234856711344
1786,14713.234856711344
1787,14713.234856711344
1788,14713.234856711344
1789,14713.234856711344
1790,14713.234856711344
1791,14728.31052509447
1792,14743.386193477596
1793,14758.461861860722
1794,14758.461861860722
1795,14758.461861860722
1796,14758.461861860722
1797,14758.461861860722
1798,14758.461861860722
1799,14758.461861860722
1800,14767.630968809983
1801,14776.800075759244
1802,14785.969182708504
1803,14809.213048607371
1804,14832.456914506238
1805,14855.700780405105
1806,14858.639853076418
1807,14861.578925747732
1808,14864.517998419045
1809,14864.517998419045
1810,14864.517998419045
1811,14864.517998419045
1812,14864.517998419045
1813,14864.517998419045
1814,14864.517998419045
1815,14896.655979243484
1816,14928.793960067922
1817,14960.93194089236
1818,14973.428276857741
1819,14985.924612823123
1820,14998.420948788504
1821,15018.392824113442
1822,15038.36469943838
1823,15058.336574763318
1824,15058.336574763318
1825,15058.336574763318
1826,15058.336574763318
1827,15074.310410629945
1828,15090.284246496572
1829,15106.2580823632
1830,15119.742866619496
1831,15133.227650875791
1832,15146.712435132087
1833,15150.249773549695
1834,15153.787111967302
1835,15157.32445038491
1836,15157.363309097207
1837,15157.402167809505
1838,15157.441026521803
1839,15157.441026521803
1840,15157.441026521803
1841,15157.441026521803
1842,15187.210833420426
1843,15216.980640319049
1844,15246.750447217672
1845,15268.505461049052
1846,15290.260474880432
1847,15312.015488711811
1848,15319.478599658627
1849,15326.941710605442
1850,15334.404821552258
1851,15334.404821552258
1852,15334.404821552258
1853,15334.404821552258
1854,15334.404821552258
1855,15334.404821552258
1856,15334.404821552258
1857,15334.404821552258
1858,15334.404821552258
1859,15334.404821552258
1860,15334.404821552258
1861,15334.404821552258
1862,15334.404821552258
1863,15404.454839979762
1864,15474.504858407267
1865,15544.55487683477
1866,15591.874300922529
1867,15639.193725010287
1868,15686.513149098046
1869,15686.513149098046
1870,15686.513149098046
1871,15686.513149098046
1872,15702.286123272837
1873,15718.059097447629
1874,15733.83207162242
1875,15754.12870849293
1876,15774.42534536344
1877,15794.721982233948
1878,15794.721982233948
1879,15794.721982233948
1880,15794.721982233948
1881,15809.166553185256
1882,15823.611124136563
1883,15838.05569508787
1884,15846.424950551358
1885,15854.794206014845
1886,15863.163461478332
1887,15863.163461478332
1888,15863.163461478332
1889,15863.163461478332
1890,15863.163461478332
1891,15863.163461478332
1892,15863.163461478332
1893,15909.115936211881
1894,15955.06841094543
1895,16001.02088567898
1896,16001.02088567898
1897,16001.02088567898
1898,16001.02088567898
1899,16001.02088567898
1900,16001.02088567898
1901,16001.02088567898
1902,16015.804763956587
1903,16030.588642234194
1904,16045.3725205118
1905,16057.788707878517
1906,16070.204895245233
1907,16082.62108261195
1908,16082.62108261195
1909,16082.62108261195
1910,16082.62108261195
1911,16082.62108261195
1912,16082.62108261195
1913,16082.62108261195
1914,16082.639259533164
1915,16082.657436454378
1916,16082.675613375592
1917,16093.55364345677
1918,16104.431673537947
1919,16115.309703619125
1920,16147.131606160661
1921,16178.953508702198
1922,16210.775411243734
1923,16210.775411243734
1924,16210.775411243734
1925,16210.775411243734
1926,16210.775411243734
1927,16210.775411243734
1928,16210.775411243734
1929,16235.28217499407
1930,16259.788938744407
1931,16284.295702494743
1932,16300.359565241613
1933,16316.423427988484
1934,16332.487290735355
1935,16335.928964189221
1936,16339.370637643087
1937,16342.812311096954
1938,16352.545124192102
1939,16362.27793728725
1940,16372.010750382398
1941,16391.21280563191
1942,16410.41486088142
1943,16429.616916130934
1944,16429.616916130934
1945,16429.616916130934
1946,16429.616916130934
1947,16429.616916130934
1948,16429.616916130934
1949,16429.616916130934
1950,16429.720533842938
1951,16429.82415155494
1952,16429.927769266946
1953,16442.08605865912
1954,16454.244348051292
1955,16466.402637443465
1956,16517.28954724017
1957,16568.176457036872
1958,16619.063366833576
1959,16642.9987053524
1960,16666.93404387122
1961,16690.869382390043
1962,16710.219014439077
1963,16729.56864648811
1964,16748.918278537145
1965,16749.412145591028
1966,16749.90601264491
1967,16750.399879698794
1968,16750.399879698794
1969,16750.399879698794
1970,16750.399879698794
1971,16784.82728898093
1972,16819.254698263067
1973,16853.682107545203
1974,16876.552871233533
1975,16899.423634921863
1976,16922.294398610193
1977,16923.619619177956
1978,16924.94483974572
1979,16926.270060313484
1980,16955.744363620575
1981,16985.218666927667
1982,17014.69297023476
1983,17038.855782780905
1984,17063.018595327052
1985,17087.1814078732
1986,17103.30212218323
1987,17119.422836493264
1988,17135.543550803297
1989,17142.25526732411
1990,17148.966983844926
1991,17155.67870036574
1992,17155.67870036574
1993,17155.67870036574
1994,17155.67870036574
1995,17155.67870036574
1996,17155.67870036574
1997,17155.67870036574
1998,17155.67870036574
1999,17155.67870036574
2000,17155.67870036574
2001,17155.67870036574
2002,17155.67870036574
2003,17155.67870036574
2004,17173.941202848724
2005,17192.203705331707
2006,17210.46620781469
2007,17226.516641615406
2008,17242.567075416122
2009,17258.617509216838
2010,17258.617509216838
2011,17258.617509216838
2012,17258.617509216838
2013,17258.617509216838
2014,17258.617509216838
2015,17258.617509216838
2016,17266.43057731684
2017,17274.243645416846
2018,17282.05671351685
2019,17284.123088227363
2020,17286.189462937877
2021,17288.25583764839
2022,17288.25583764839
2023,17288.25583764839
2024,17288.25583764839
2025,17309.2422106045
2026,17330.228583560613
2027,17351.214956516724
2028,17351.214956516724
2029,17351.214956516724
2030,17351.214956516724
2031,17351.214956516724
2032,17351.214956516724
2033,17351.214956516724
2034,17351.214956516724
2035,17351.214956516724
2036,17351.214956516724
2037,17360.08122056453
2038,17368.947484612338
2039,17377.813748660144
2040,17381.29745609675
2041,17384.781163533353
2042,17388.264870969957
2043,17391.445339029277
2044,17394.625807088596
2045,17397.806275147916
2046,17420.187504428057
2047,17442.568733708198
2048,17464.94996298834
2049,17475.29218393553
2050,17485.63440488272
2051,17495.97662582991
2052,17495.97662582991
2053,17495.97662582991
2054,17495.97662582991
2055,17495.97662582991
2056,17495.97662582991
2057,17495.97662582991
2058,17495.97662582991
2059,17495.97662582991
2060,17495.97662582991
2061,17506.459445128334
2062,17516.942264426758
2063,17527.425083725182
2064,17536.26127396613
2065,17545.09746420708
2066,17553.93365444803
2067,17554.75378419961
2068,17555.57391395119
2069,17556.39404370277
2070,17556.39404370277
2071,17556.39404370277
2072,17556.39404370277
2073,17570.45382429491
2074,17584.513604887048
2075,17598.573385479187
2076,17613.493367705905
2077,17628.413349932624
2078,17643.33333215934
2079,17650.073194685505
2080,17656.813057211668
2081,17663.55291973783
2082,17680.27272658764
2083,17696.992533437446
2084,17713.712340287253
2085,17725.215230807782
2086,17736.71812132831
2087,17748.22101184884
2088,17751.501476295463
2089,17754.781940742087
2090,17758.06240518871
2091,17758.06240518871
2092,17758.06240518871
2093,17758.06240518871
2094,17797.281867780035
2095,17836.50133037136
2096,17875.720792962686
2097,17899.167651826698
2098,17922.61451069071
2099,17946.06136955472
2100,17946.06136955472
2101,17946.06136955472
2102,17946.06136955472
2103,17978.763088981905
2104,18011.464808409088
2105,18044.16652783627
2106,18049.963472313124
2107,18055.760416789977
2108,18061.55736126683
2109,18088.581404070028
2110,18115.605446873225
2111,18142.629489676423
2112,18155.555211823183
2113,18168.480933969942
2114,18181.406656116702
2115,18201.74646744764
2116,18222.086278778577
2117,18242.426090109515
2118,18263.50483707691
2119,18284.583584044307
2120,18305.662331011703
2121,18315.020400972506
2122,18324.37847093331
2123,18333.73654089411
2124,18333.73654089411
2125,18333.73654089411
2126,18333.73654089411
2127,18333.73654089411
2128,18333.73654089411
2129,18333.73654089411
2130,18356.071216382777
2131,18378.405891871444
2132,18400.74056736011
2133,18415.32310937434
2134,18429.905651388573
2135,18444.488193402805
2136,18451.10876987673
2137,18457.729346350654
2138,18464.34992282458
2139,18471.929464892182
2140,18479.509006959786
2141,18487.08854902739
2142,18487.08854902739
2143,18487.08854902739
2144,18487.08854902739
2145,18487.08854902739
2146,18487.08854902739
2147,18487.08854902739
2148,18531.35091147001
2149,18575.61327391263
2150,18619.87563635525
2151,18643.351524179932
2152,18666.827412004615
2153,18690.3032998293
2154,18690.3032998293
2155,18690.3032998293
2156,18690.3032998293
2157,18696.897975504402
2158,18703.492651179506
2159,18710.08732685461
2160,18749.893949404395
2161,18789.70057195418
2162,18829.507194503967
2163,18843.437073933663
2164,18857.36695336336
2165,18871.296832793054
2166,18872.99451129826
2167,18874.692189803467
2168,18876.389868308674
2169,18892.151441997597
2170,18907.91301568652
2171,18923.674589375445
2172,18923.674589375445
2173,18923.674589375445
2174,18923.674589375445
2175,18935.06694004964
2176,18946.459290723837
2177,18957.851641398032
2178,18963.812656817157
2179,18969.773672236282
2180,18975.734687655407
2181,18975.734687655407
2182,18975.734687655407
2183,18975.734687655407
2184,18975.734687655407
2185,18975.734687655407
2186,18975.734687655407
2187,19013.241253852702
2188,19050.747820049997
2189,19088.254386247292
2190,19088.254386247292
2191,19088.254386247292
2192,19088.254386247292
2193,19088.254386247292
2194,19088.254386247292
2195,19088.254386247292
2196,19088.254386247292
2197,19088.254386247292
2198,19088.254386247292
2199,19110.75483612529
2200,19133.255286003285
2201,19155.75573588128
2202,19161.640886296846
2203,19167.52603671241
2204,19173.411187127975
2205,19191.933629783158
2206,19210.45607243834
2207,19228.978515093524
2208,19244.564180664114
2209,19260.149846234704
2210,19275.735511805295
2211,19293.76163910318
2212,19311.787766401067
2213,19329.813893698953
2214,19331.577735028044
2215,19333.341576357136
2216,19335.105417686227
2217,19335.105417686227
2218,19335.105417686227
2219,19335.105417686227
2220,19335.105417686227
2221,19335.105417686227
2222,19335.105417686227
2223,19347.75409488508
2224,19360.402772083933
2225,19373.051449282786
2226,19389.738316714018
2227,19406.42518414525
2228,19423.11205157648
2229,19423.11205157648
2230,19423.11205157648
2231,19423.11205157648
2232,19423.11205157648
2233,19423.11205157648
2234,19423.11205157648
2235,19434.11133566886
2236,19445.110619761235
2237,19456.109903853612
2238,19456.109903853612
2239,19456.109903853612
2240,19456.109903853612
2241,19456.980463517048
2242,19457.851023180483
2243,19458.72158284392
2244,19468.639897324767
2245,19478.558211805615
2246,19488.476526286464
2247,19491.18484330435
2248,19493.893160322234
2249,19496.60147734012
2250,19497.687954831763
2251,19498.774432323407
2252,19499.860909815052
2253,19500.039775590103
2254,19500.218641365154
2255,19500.397507140206
2256,19500.397507140206
2257,19500.397507140206
2258,19500.397507140206
2259,19518.564045021976
2260,19536.730582903747
2261,19554.897120785517
2262,19563.071353073465
2263,19571.245585361412
2264,19579.41981764936
2265,19579.41981764936
2266,19579.41981764936
2267,19579.41981764936
2268,19579.41981764936
2269,19579.41981764936
2270,19579.41981764936
2271,19593.55681402042
2272,19607.69381039148
2273,19621.83080676254
2274,19621.83080676254
2275,19621.83080676254
2276,19621.83080676254
2277,19621.83080676254
2278,19621.83080676254
2279,19621.83080676254
2280,19633.62127260466
2281,19645.411738446783
2282,19657.202204288904
2283,19666.141967087366
2284,19675.081729885827
2285,19684.02149268429
2286,19684.02149268429
2287,19684.02149268429
2288,19684.02149268429
2289,19684.02149268429
2290,19684.02149268429
2291,19684.02149268429
2292,19704.09927944782
2293,19724.17706621135
2294,19744.25485297488
2295,19749.504025020895
2296,19754.75319706691
2297,19760.002369112928
2298,19760.002369112928
2299,19760.002369112928
2300,19760.002369112928
2301,19760.04374036621
2302,19760.085111619494
2303,19760.126482872776
2304,19760.126482872776
2305,19760.126482872776
2306,19760.126482872776
2307,19769.413114913263
2308,19778.69974695375
2309,19787.986378994236
2310,19807.125450045623
2311,19826.26452109701
2312,19845.4035921484
2313,19845.65323272428
2314,19845.902873300158
2315,19846.152513876037
2316,19887.08693824964
2317,19928.02136262324
2318,19968.95578699684
2319,19968.95578699684
2320,19968.95578699684
2321,19968.95578699684
2322,19968.95578699684
2323,19968.95578699684
2324,19968.95578699684
2325,19968.95578699684
2326,19968.95578699684
2327,19968.95578699684
2328,20005.356900826744
2329,20041.758014656647
2330,20078.15912848655
2331,20089.87938566835
2332,20101.599642850153
2333,20113.319900031955
2334,20113.319900031955
2335,20113.319900031955
2336,20113.319900031955
2337,20135.306957596247
2338,20157.29401516054
2339,20179.281072724832
2340,20186.445991165903
2341,20193.610909606974
2342,20200.775828048045
2343,20201.39584802316
2344,20202.015867998274
2345,20202.63588797339
2346,20202.63588797339
2347,20202.63588797339
2348,20202.63588797339
2349,20214.13569671627
2350,20225.635505459148
2351,20237.135314202027
2352,20241.0710432286
2353,20245.006772255172
2354,20248.942501281745
2355,20249.697052259184
2356,20250.451603236623
2357,20251.206154214062
2358,20264.257770187407
2359,20277.309386160752
2360,20290.361002134097
2361,20295.622028039717
2362,20300.883053945337
2363,20306.144079850957
2364,20306.144079850957
2365,20306.144079850957
2366,20306.144079850957
2367,20310.037662541738
2368,20313.931245232518
2369,20317.824827923298
2370,20327.740166682328
2371,20337.65550544136
2372,20347.57084420039
2373,20347.861882770572
2374,20348.152921340756
2375,20348.44395991094
2376,20349.765664411883
2377,20351.087368912828
2378,20352.40907341377
2379,20371.722453920767
2380,20391.035834427763
2381,20410.34921493476
2382,20410.34921493476
2383,20410.34921493476
2384,20410.34921493476
2385,20410.34921493476
2386,20410.34921493476
2387,20410.34921493476
2388,20425.209861034276
2389,20440.070507133794
2390,20454.931153233312
2391,20463.126886512207
2392,20471.322619791103
2393,20479.518353069998
2394,20479.518353069998
2395,20479.518353069998
2396,20479.518353069998
2397,20489.77104602952
2398,20500.023738989043
2399,20510.276431948565
2400,20524.443188434652
2401,20538.60994492074
2402,20552.776701406827
2403,20554.774327255127
2404,20556.771953103427
2405,20558.769578951727
2406,20558.769578951727
2407,20558.769578951727
2408,20558.769578951727
2409,20558.769578951727
2410,20558.769578951727
2411,20558.769578951727
2412,20558.769578951727
2413,20558.769578951727
2414,20558.769578951727
2415,20561.00229970309
2416,20563.235020454453
2417,20565.467741205815
2418,20565.467741205815
2419,20565.467741205815
2420,20565.467741205815
2421,20575.697029703504
2422,20585.926318201193
2423,20596.15560669888
2424,20597.74075314472
2425,20599.32589959056
2426,20600.9110460364
2427,20600.9110460364
2428,20600.9110460364
2429,20600.9110460364
2430,20607.3059164251
2431,20613.7007868138
2432,20620.0956572025
2433,20629.898038254483
2434,20639.700419306468
2435,20649.502800358452
2436,20652.852604587137
2437,20656.20240881582
2438,20659.552213044506
2439,20659.552213044506
2440,20659.552213044506
2441,20659.552213044506
2442,20659.552213044506
2443,20659.552213044506
2444,20659.552213044506
2445,20671.423525552895
2446,20683.294838061283
2447,20695.166150569672
2448,20695.166150569672
2449,20695.166150569672
2450,20695.166150569672
2451,20695.166150569672
2452,20695.166150569672
2453,20695.166150569672
2454,20705.397170936252
2455,20715.628191302832
2456,20725.859211669413
2457,20725.859211669413
2458,20725.859211669413
2459,20725.859211669413
2460,20725.859211669413
2461,20725.859211669413
2462,20725.859211669413
2463,20763.09458806646
2464,20800.329964463504
2465,20837.56534086055
2466,20852.07020535356
2467,20866.57506984657
2468,20881.07993433958
2469,20881.07993433958
2470,20881.07993433958
2471,20881.07993433958
2472,20891.796146672936
2473,20902.51235900629
2474,20913.228571339645
2475,20913.228571339645
2476,20913.228571339645
2477,20913.228571339645
2478,20913.560488883595
2479,20913.892406427545
2480,20914.224323971495
2481,20914.224323971495
2482,20914.224323971495
2483,20914.224323971495
2484,20929.958771965714
2485,20945.693219959932
2486,20961.42766795415
2487,20961.42766795415
2488,20961.42766795415
2489,20961.42766795415
2490,20961.42766795415
2491,20961.42766795415
2492,20961.42766795415
2493,20969.680710824032
2494,20977.933753693913
2495,20986.186796563794
2496,21000.635117706126
2497,21015.083438848458
2498,21029.53175999079
2499,21029.53175999079
2500,21029.53175999079
2501,21029.53175999079
2502,21046.0840047387
2503,21062.636249486608
2504,21079.188494234517
2505,21103.06525752827
2506,21126.94202082202
2507,21150.818784115774
2508,21158.047420712537
2509,21165.2760573093
2510,21172.504693906063
2511,21172.504693906063
2512,21172.504693906063
2513,21172.504693906063
2514,21172.504693906063
2515,21172.504693906063
2516,21172.504693906063
2517,21172.843454296508
2518,21173.182214686953
2519,21173.520975077397
2520,21183.759974315406
2521,21193.998973553415
2522,21204.237972791423
2523,21212.226151173596
2524,21220.21432955577
2525,21228.202507937942
2526,21231.8216236514
2527,21235.44073936486
2528,21239.05985507832
2529,21239.559775511385
2530,21240.05969594445
2531,21240.55961637751
2532,21240.55961637751
2533,21240.55961637751
2534,21240.55961637751
2535,21307.36460061006
2536,21374.16958484261
2537,21440.97456907516
2538,21461.07336953999
2539,21481.172170004822
2540,21501.270970469654
2541,21501.270970469654
2542,21501.270970469654
2543,21501.270970469654
2544,21523.175733552605
2545,21545.080496635557
2546,21566.98525971851
2547,21587.321821675698
2548,21607.658383632886
2549,21627.994945590075
2550,21633.837768818612
2551,21639.68059204715
2552,21645.523415275686
2553,21645.523415275686
2554,21645.523415275686
2555,21645.523415275686
2556,21660.085958746986
2557,21674.648502218286
2558,21689.211045689586
2559,21696.740262324744
2560,21704.2694789599
2561,21711.79869559506
2562,21718.67972385431
2563,21725.560752113564
2564,21732.441780372817
2565,21735.313773710597
2566,21738.185767048377
2567,21741.057760386157
2568,21741.298821499644
2569,21741.53988261313
2570,21741.78094372662
2571,21798.233594373032
2572,21854.686245019446
2573,21911.13889566586
2574,21932.7645451566
2575,21954.390194647338
2576,21976.015844138077
2577,21977.644010106324
2578,21979.27217607457
2579,21980.900342042816
2580,21980.900342042816
2581,21980.900342042816
2582,21980.900342042816
2583,21997.295792067554
2584,22013.691242092293
2585,22030.08669211703
2586,22031.57435998884
2587,22033.06202786065
2588,22034.54969573246
2589,22034.54969573246
2590,22034.54969573246
2591,22034.54969573246
2592,22053.29211599896
2593,22072.03453626546
2594,22090.776956531958
2595,22099.03605802611
2596,22107.295159520265
2597,22115.55426101442
2598,22116.105621270028
2599,22116.656981525637
2600,22117.208341781246
2601,22117.208341781246
2602,22117.208341781246
2603,22117.208341781246
2604,22152.492323768
2605,22187.776305754756
2606,22223.06028774151
2607,22243.911395755706
2608,22264.7625037699
2609,22285.613611784094
2610,22285.613611784094
2611,22285.613611784094
2612,22285.613611784094
2613,22304.979728645423
2614,22324.345845506752
2615,22343.71196236808
2616,22352.167141888807
2617,22360.622321409533
2618,22369.07750093026
2619,22369.07750093026
2620,22369.07750093026
2621,22369.07750093026
2622,22380.537919956518
2623,22391.998338982776
2624,22403.458758009034
2625,22409.341991732792
2626,22415.22522545655
2627,22421.10845918031
2628,22425.17613178048
2629,22429.243804380654
2630,22433.311476980827
2631,22434.81991691769
2632,22436.328356854556
2633,22437.83679679142
2634,22437.83679679142
2635,22437.83679679142
2636,22437.83679679142
2637,22437.83679679142
2638,22437.83679679142
2639,22437.83679679142
2640,22448.52118806867
2641,22459.20557934592
2642,22469.889970623168
2643,22478.757513874647
2644,22487.625057126126
2645,22496.492600377605
2646,22496.492600377605
2647,22496.492600377605
2648,22496.492600377605
2649,22496.492600377605
2650,22496.492600377605
2651,22496.492600377605
2652,22496.492600377605
2653,22496.492600377605
2654,22496.492600377605
2655,22496.492600377605
2656,22496.492600377605
2657,22496.492600377605
2658,22508.42919333261
2659,22520.365786287613
2660,22532.302379242617
2661,22544.12955738364
2662,22555.95673552466
2663,22567.783913665684
2664,22567.783913665684
2665,22567.783913665684
2666,22567.783913665684
2667,22586.814628009062
2668,22605.84534235244
2669,22624.87605669582
2670,22631.73870015413
2671,22638.601343612438
2672,22645.463987070747
2673,22646.44344871691
2674,22647.42291036307
2675,22648.402372009234
2676,22648.402372009234
2677,22648.402372009234
2678,22648.402372009234
2679,22648.402372009234
2680,22648.402372009234
2681,22648.402372009234
2682,22666.39732620011
2683,22684.392280390985
2684,22702.38723458186
2685,22713.332254232268
2686,22724.277273882675
2687,22735.222293533083
2688,22735.222293533083
2689,22735.222293533083
2690,22735.222293533083
2691,22735.222293533083
2692,22735.222293533083
2693,22735.222293533083
2694,22735.222293533083
2695,22735.222293533083
2696,22735.222293533083
2697,22735.222293533083
2698,22735.222293533083
2699,22735.222293533083
2700,22755.572231933373
2701,22775.922170333663
2702,22796.272108733952
2703,22809.026408529393
2704,22821.780708324834
2705,22834.535008120274
2706,22834.535008120274
2707,22834.535008120274
2708,22834.535008120274
2709,22936.168586449294
2710,23037.802164778313
2711,23139.435743107333
2712,23191.343185195223
2713,23243.250627283112
2714,23295.158069371002
2715,23316.79949498825
2716,23338.440920605495
2717,23360.08234622274
2718,23381.43809644261
2719,23402.793846662476
2720,23424.149596882344
2721,23432.12057708884
2722,23440.091557295338
2723,23448.062537501835
2724,23462.9397435626
2725,23477.816949623368
2726,23492.694155684134
2727,23492.694155684134
2728,23492.694155684134
2729,23492.694155684134
2730,23520.059648104245
2731,23547.425140524356
2732,23574.790632944467
2733,23584.266991359855
2734,23593.743349775243
2735,23603.21970819063
2736,23624.703100581373
2737,23646.186492972116
2738,23667.66988536286
2739,23667.66988536286
2740,23667.66988536286
2741,23667.66988536286
2742,23686.973499987016
2743,23706.277114611174
2744,23725.58072923533
2745,23738.51875332872
2746,23751.45677742211
2747,23764.3948015155
2748,23764.3948015155
2749,23764.3948015155
2750,23764.3948015155
2751,23764.3948015155
2752,23764.3948015155
2753,23764.3948015155
2754,23764.3948015155
2755,23764.3948015155
2756,23764.3948015155
2757,23782.15246335706
2758,23799.910125198618
2759,23817.667787040176
2760,23828.464918082143
2761,23839.26204912411
2762,23850.059180166078
2763,23850.059180166078
2764,23850.059180166078
2765,23850.059180166078
2766,23850.059180166078
2767,23850.059180166078
2768,23850.059180166078
2769,23865.393575563805
2770,23880.727970961532
2771,23896.06236635926
2772,23903.744072535326
2773,23911.425778711393
2774,23919.10748488746
2775,23924.863807251542
2776,23930.620129615625
2777,23936.376451979708
2778,23936.376451979708
2779,23936.376451979708
2780,23936.376451979708
2781,23936.376451979708
2782,23936.376451979708
2783,23936.376451979708
2784,23941.642015994727
2785,23946.907580009745
2786,23952.173144024764
2787,23964.330785073413
2788,23976.48842612206
2789,23988.64606717071
2790,23988.64606717071
2791,23988.64606717071
2792,23988.64606717071
2793,24028.665935700265
2794,24068.68580422982
2795,24108.705672759374
2796,24145.2527412906
2797,24181.799809821823
2798,24218.346878353048
2799,24218.346878353048
2800,24218.346878353048
2801,24218.346878353048
2802,24218.346878353048
2803,24218.346878353048
2804,24218.346878353048
2805,24228.955763210084
2806,24239.56464806712
2807,24250.173532924156
2808,24259.057261320417
2809,24267.940989716677
2810,24276.824718112937
2811,24278.45669670844
2812,24280.08867530394
2813,24281.720653899443
2814,24281.757957713835
2815,24281.795261528227
2816,24281.83256534262
2817,24281.83256534262
2818,24281.83256534262
2819,24281.83256534262
2820,24281.83256534262
2821,24281.83256534262
2822,24281.83256534262
2823,24392.901680852592
2824,24503.970796362566
2825,24615.03991187254
2826,24615.03991187254
2827,24615.03991187254
2828,24615.03991187254
2829,24615.03991187254
2830,24615.03991187254
2831,24615.03991187254
2832,24626.603778815825
2833,24638.16764575911
2834,24649.731512702394
2835,24655.075523752806
2836,24660.41953480322
2837,24665.76354585363
2838,24665.76354585363
2839,24665.76354585363
2840,24665.76354585363
2841,24670.926764203377
2842,24676.089982553123
2843,24681.25320090287
2844,24688.07000099148
2845,24694.88680108009
2846,24701.7036011687
2847,24701.943243694805
2848,24702.182886220908
2849,24702.42252874701
2850,24722.54132895694
2851,24742.66012916687
2852,24762.7789293768
2853,24779.86624194338
2854,24796.953554509957
2855,24814.040867076536
2856,24814.040867076536
2857,24814.040867076536
2858,24814.040867076536
2859,24814.040867076536
2860,24814.040867076536
2861,24814.040867076536
2862,24821.36027587788
2863,24828.679684679224
2864,24835.99909348057
2865,24836.939662210698
2866,24837.880230940827
2867,24838.820799670957
2868,24844.23014697987
2869,24849.639494288782
2870,24855.048841597694
2871,24855.372008187744
2872,24855.695174777793
2873,24856.018341367842
2874,24856.175114246187
2875,24856.331887124532
2876,24856.488660002877
2877,24870.06337496266
2878,24883.638089922446
2879,24897.21280488223
2880,24922.590833145197
2881,24947.968861408164
2882,24973.34688967113
2883,24987.96796876256
2884,25002.58904785399
2885,25017.21012694542
2886,25017.21012694542
2887,25017.21012694542
2888,25017.21012694542
2889,25023.75246562361
2890,25030.294804301797
2891,25036.837142979984
2892,25047.33981902755
2893,25057.842495075118
2894,25068.345171122684
2895,25068.76385241714
2896,25069.1825337116
2897,25069.601215006056
2898,25116.087083561175
2899,25162.572952116294
2900,25209.058820671413
2901,25234.442389029926
2902,25259.82595738844
2903,25285.209525746952
2904,25285.209525746952
2905,25285.209525746952
2906,25285.209525746952
2907,25285.209525746952
2908,25285.209525746952
2909,25285.209525746952
2910,25291.72725074461
2911,25298.24497574227
2912,25304.762700739928
2913,25316.465138706226
2914,25328.167576672524
2915,25339.870014638822
2916,25339.870014638822
2917,25339.870014638822
2918,25339.870014638822
2919,25339.870014638822
2920,25339.870014638822
2921,25339.870014638822
2922,25339.870014638822
2923,25339.870014638822
2924,25339.870014638822
2925,25339.870014638822
2926,25339.870014638822
2927,25339.870014638822
2928,25357.46622220725
2929,25375.06242977568
2930,25392.65863734411
2931,25392.65863734411
2932,25392.65863734411
2933,25392.65863734411
2934,25392.65863734411
2935,25392.65863734411
2936,25392.65863734411
2937,25417.73532169255
2938,25442.812006040993
2939,25467.888690389434
2940,25484.577939528852
2941,25501.26718866827
2942,25517.956437807687
2943,25535.418538586484
2944,25552.88063936528
2945,25570.34274014408
2946,25570.34274014408
2947,25570.34274014408
2948,25570.34274014408
2949,25570.34274014408
2950,25570.34274014408
2951,25570.34274014408
2952,25570.34274014408
2953,25570.34274014408
2954,25570.34274014408
2955,25600.33989677165
2956,25630.33705339922
2957,25660.33421002679
2958,25660.33421002679
2959,25660.33421002679
2960,25660.33421002679
2961,25660.33421002679
2962,25660.33421002679
2963,25660.33421002679
2964,25679.105866762857
2965,25697.877523498923
2966,25716.64918023499
2967,25726.707545538335
2968,25736.76591084168
2969,25746.824276145027
2970,25746.9491742576
2971,25747.07407237017
2972,25747.198970482743
2973,25754.158543660204
2974,25761.118116837664
2975,25768.077690015125
2976,25780.62152232936
2977,25793.165354643592
2978,25805.709186957825
2979,25808.929905231667
2980,25812.15062350551
2981,25815.37134177935
2982,25841.93352178586
2983,25868.49570179237
2984,25895.05788179888
2985,25914.88945296391
2986,25934.721024128943
2987,25954.552595293975
2988,25969.98143144768
2989,25985.410267601383
2990,26000.839103755086
2991,26000.839103755086
2992,26000.839103755086
2993,26000.839103755086
2994,26008.6530540426
2995,26016.467004330112
2996,26024.280954617625
2997,26029.553667507327
2998,26034.82638039703
2999,26040.09909328673
3000,26040.09909328673
3001,26040.09909328673
3002,26040.09909328673
3003,26067.543621826262
3004,26094.988150365793
3005,26122.432678905323
3006,26139.50625527941
3007,26156.5798316535
3008,26173.65340802759
3009,26181.804524394112
3010,26189.955640760636
3011,26198.10675712716
3012,26208.069078007666
3013,26218.03139888817
3014,26227.993719768678
3015,26270.691979319476
3016,26313.390238870274
3017,26356.08849842107
3018,26356.08849842107
3019,26356.08849842107
3020,26356.08849842107
3021,26365.356888838473
3022,26374.625279255873
3023,26383.893669673274
3024,26393.08175984041
3025,26402.269850007546
3026,26411.45794017468
3027,26431.255892103716
3028,26451.05384403275
3029,26470.851795961786
3030,26470.851795961786
3031,26470.851795961786
3032,26470.851795961786
3033,26470.851795961786
3034,26470.851795961786
3035,26470.851795961786
3036,26470.988865246447
3037,26471.12593453111
3038,26471.26300381577
3039,26496.715817660264
3040,26522.16863150476
3041,26547.621445349254
3042,26564.993351573776
3043,26582.365257798298
3044,26599.73716402282
3045,26613.423993985598
3046,26627.110823948376
3047,26640.797653911155
3048,26674.221679968112
3049,26707.64570602507
3050,26741.069732082025
3051,26789.6803518695
3052,26838.290971656977
3053,26886.901591444454
3054,26906.468035981434
3055,26926.034480518414
3056,26945.600925055394
3057,26945.600925055394
3058,26945.600925055394
3059,26945.600925055394
3060,26945.600925055394
3061,26945.600925055394
3062,26945.600925055394
3063,26958.084637449043
3064,26970.56834984269
3065,26983.05206223634
3066,26983.05206223634
3067,26983.05206223634
3068,26983.05206223634
3069,26983.05206223634
3070,26983.05206223634
3071,26983.05206223634
3072,26983.05206223634
3073,26983.05206223634
3074,26983.05206223634
3075,26983.05206223634
3076,26983.05206223634
3077,26983.05206223634
3078,26983.05206223634
3079,26983.05206223634
3080,26983.05206223634
3081,26983.05206223634
3082,26983.05206223634
3083,26983.05206223634
3084,27000.25180126299
3085,27017.451540289643
3086,27034.651279316295
3087,27034.651279316295
3088,27034.651279316295
3089,27034.651279316295
3090,27034.651279316295
3091,27034.651279316295
3092,27034.651279316295
3093,27034.651279316295
3094,27034.651279316295
3095,27034.651279316295
3096,27044.663990752062
3097,27054.67670218783
3098,27064.689413623597
3099,27064.689413623597
3100,27064.689413623597
3101,27064.689413623597
3102,27064.689413623597
3103,27064.689413623597
3104,27064.689413623597
3105,27085.92614378716
3106,27107.162873950725
3107,27128.39960411429
3108,27133.731486610675
3109,27139.06336910706
3110,27144.395251603448
3111,27149.93165577989
3112,27155.46805995633
3113,27161.00446413277
3114,27161.00446413277
3115,27161.00446413277
3116,27161.00446413277
3117,27161.00446413277
3118,27161.00446413277
3119,27161.00446413277
3120,27173.63213661506
3121,27186.259809097348
3122,27198.887481579637
3123,27209.865350141117
3124,27220.843218702597
3125,27231.821087264078
3126,27244.38416736072
3127,27256.947247457363
3128,27269.510327554006
3129,27271.14694882913
3130,27272.783570104253
3131,27274.420191379377
3132,27274.420191379377
3133,27274.420191379377
3134,27274.420191379377
3135,27274.420191379377
3136,27274.420191379377
3137,27274.420191379377
3138,27312.60749865938
3139,27350.794805939386
3140,27388.98211321939
3141,27388.98211321939
3142,27388.98211321939
3143,27388.98211321939
3144,27404.92040356898
3145,27420.85869391857
3146,27436.79698426816
3147,27436.79698426816
3148,27436.79698426816
3149,27436.79698426816
3150,27510.343025871978
3151,27583.889067475797
3152,27657.435109079615
3153,27676.27311983979
3154,27695.111130599962
3155,27713.949141360135
3156,27730.086215152176
3157,27746.223288944217
3158,27762.360362736257
3159,27762.360362736257
3160,27762.360362736257
3161,27762.360362736257
3162,27762.360362736257
3163,27762.360362736257
3164,27762.360362736257
3165,27778.23503759378
3166,27794.1097124513
3167,27809.98438730882
3168,27809.98438730882
3169,27809.98438730882
3170,27809.98438730882
3171,27809.98438730882
3172,27809.98438730882
3173,27809.98438730882
3174,27827.566793760572
3175,27845.149200212323
3176,27862.731606664074
3177,27872.904708041413
3178,27883.07780941875
3179,27893.25091079609
3180,27893.25091079609
3181,27893.25091079609
3182,27893.25091079609
3183,27893.25091079609
3184,27893.25091079609
3185,27893.25091079609
3186,27938.442236269508
3187,27983.633561742925
3188,28028.824887216342
3189,28047.87307629768
3190,28066.92126537902
3191,28085.96945446036
3192,28101.259502665027
3193,28116.549550869695
3194,28131.839599074363
3195,28132.79190623018
3196,28133.744213386
3197,28134.696520541816
3198,28134.696520541816
3199,28134.696520541816
3200,28134.696520541816
3201,28143.468803732427
3202,28152.241086923037
3203,28161.013370113647
3204,28175.641782167495
3205,28190.270194221343
3206,28204.89860627519
3207,28204.89860627519
3208,28204.89860627519
3209,28204.89860627519
3210,28209.431321005555
3211,28213.96403573592
3212,28218.496750466285
3213,28218.496750466285
3214,28218.496750466285
3215,28218.496750466285
3216,28218.496750466285
3217,28218.496750466285
3218,28218.496750466285
3219,28242.394767550042
3220,28266.2927846338
3221,28290.190801717556
3222,28299.303721321143
3223,28308.41664092473
3224,28317.529560528317
3225,28317.529560528317
3226,28317.529560528317
3227,28317.529560528317
3228,28369.380184192378
3229,28421.23080785644
3230,28473.0814315205
3231,28491.075090135346
3232,28509.068748750193
3233,28527.06240736504
3234,28527.06240736504
3235,28527.06240736504
3236,28527.06240736504
3237,28540.159228347668
3238,28553.256049330295
3239,28566.352870312923
3240,28583.763170085585
3241,28601.173469858248
3242,28618.58376963091
3243,28618.58376963091
3244,28618.58376963091
3245,28618.58376963091
3246,28618.58376963091
3247,28618.58376963091
3248,28618.58376963091
3249,28637.422659480748
3250,28656.261549330586
3251,28675.100439180424
3252,28682.338641890325
3253,28689.576844600226
3254,28696.815047310127
3255,28697.52245430369
3256,28698.22986129725
3257,28698.937268290814
3258,28698.937268290814
3259,28698.937268290814
3260,28698.937268290814
3261,28698.937268290814
3262,28698.937268290814
3263,28698.937268290814
3264,28698.937268290814
3265,28698.937268290814
3266,28698.937268290814
3267,28726.104915273485
3268,28753.272562256156
3269,28780.440209238826
3270,28784.295442739727
3271,28788.150676240628
3272,28792.00590974153
3273,28792.00590974153
3274,28792.00590974153
3275,28792.00590974153
3276,28792.00590974153
3277,28792.00590974153
3278,28792.00590974153
3279,28812.21640908056
3280,28832.42690841959
3281,28852.637407758622
3282,28852.681962678278
3283,28852.726517597934
3284,28852.77107251759
3285,28852.77107251759
3286,28852.77107251759
3287,28852.77107251759
3288,28852.77107251759
3289,28852.77107251759
3290,28852.77107251759
3291,28861.603642213904
3292,28870.43621191022
3293,28879.268781606534
3294,28891.678260859422
3295,28904.08774011231
3296,28916.4972193652
3297,28931.25585392919
3298,28946.01448849318
3299,28960.77312305717
3300,28960.77312305717
3301,28960.77312305717
3302,28960.77312305717
3303,28960.87441560485
3304,28960.975708152528
3305,28961.077000700207
3306,28961.077000700207
3307,28961.077000700207
3308,28961.077000700207
3309,28961.077000700207
3310,28961.077000700207
3311,28961.077000700207
3312,28993.351492434213
3313,29025.62598416822
3314,29057.900475902225
3315,29057.900475902225
3316,29057.900475902225
3317,29057.900475902225
3318,29061.231435591155
3319,29064.562395280085
3320,29067.893354969015
3321,29080.148022690213
3322,29092.40269041141
3323,29104.65735813261
3324,29140.56686034001
3325,29176.476362547415
3326,29212.38586475482
3327,29221.03200779242
3328,29229.67815083002
3329,29238.32429386762
3330,29256.72425161151
3331,29275.124209355403
3332,29293.524167099295
3333,29302.862971762064
3334,29312.201776424834
3335,29321.540581087604
3336,29329.565071444376
3337,29337.58956180115
3338,29345.614052157922
3339,29346.481491647955
3340,29347.34893113799
3341,29348.216370628023
3342,29348.216370628023
3343,29348.216370628023
3344,29348.216370628023
3345,29348.216370628023
3346,29348.216370628023
3347,29348.216370628023
3348,29374.377630184565
3349,29400.538889741107
3350,29426.70014929765
3351,29447.84871650356
3352,29468.99728370947
3353,29490.145850915378
3354,29490.145850915378
3355,29490.145850915378
3356,29490.145850915378
3357,29501.002889380678
3358,29511.859927845977
3359,29522.716966311276
3360,29531.538452423392
3361,29540.35993853551
3362,29549.181424647624
3363,29549.50464060773
3364,29549.827856567837
3365,29550.151072527944
3366,29550.295890111076
3367,29550.440707694208
3368,29550.58552527734
3369,29550.58552527734
3370,29550.58552527734
3371,29550.58552527734
3372,29550.58552527734
3373,29550.58552527734
3374,29550.58552527734
3375,29570.025705684067
3376,29589.465886090795
3377,29608.906066497522
3378,29608.906066497522
3379,29608.906066497522
3380,29608.906066497522
3381,29608.906066497522
3382,29608.906066497522
3383,29608.906066497522
3384,29617.941576529738
3385,29626.977086561954
3386,29636.01259659417
3387,29643.85764990252
3388,29651.702703210867
3389,29659.547756519216
3390,29660.6242343672
3391,29661.70071221518
3392,29662.777190063163
3393,29662.777190063163
3394,29662.777190063163
3395,29662.777190063163
3396,29662.777190063163
3397,29662.777190063163
3398,29662.777190063163
3399,29662.777190063163
3400,29662.777190063163
3401,29662.777190063163
3402,29679.836693312496
3403,29696.89619656183
3404,29713.955699811162
3405,29733.749312697986
3406,29753.54292558481
3407,29773.336538471634
3408,29773.336538471634
3409,29773.336538471634
3410,29773.336538471634
3411,29805.555227896843
3412,29837.77391732205
3413,29869.99260674726
3414,29881.90978975412
3415,29893.826972760984
3416,29905.744155767847
3417,29905.744155767847
3418,29905.744155767847
3419,29905.744155767847
3420,29922.988258444017
3421,29940.232361120186
3422,29957.476463796356
3423,29972.594545013184
3424,29987.71262623001
3425,30002.83070744684
3426,30006.307812792318
3427,30009.784918137797
3428,30013.262023483276
3429,30013.262023483276
3430,30013.262023483276
3431,30013.262023483276
3432,30014.110917212332
3433,30014.95981094139
3434,30015.808704670446
3435,30015.808704670446
3436,30015.808704670446
3437,30015.808704670446
3438,30035.844323802798
3439,30055.87994293515
3440,30075.9155620675
3441,30075.9155620675
3442,30075.9155620675
3443,30075.9155620675
3444,30080.38512809898
3445,30084.85469413046
3446,30089.32426016194
3447,30091.170139535658
3448,30093.016018909377
3449,30094.861898283096
3450,30094.861898283096
3451,30094.861898283096
3452,30094.861898283096
3453,30094.861898283096
3454,30094.861898283096
3455,30094.861898283096
3456,30111.23261112044
3457,30127.60332395778
3458,30143.974036795124
3459,30143.974036795124
3460,30143.974036795124
3461,30143.974036795124
3462,30144.95331804421
3463,30145.932599293294
3464,30146.91188054238
3465,30154.841626682424
3466,30162.77137282247
3467,30170.701118962515
3468,30170.701118962515
3469,30170.701118962515
3470,30170.701118962515
3471,30170.701118962515
3472,30170.701118962515
3473,30170.701118962515
3474,30190.79922733777
3475,30210.897335713027
3476,30230.995444088283
3477,30234.964166560716
3478,30238.93288903315
3479,30242.901611505582
3480,30250.838776260953
3481,30258.775941016323
3482,30266.713105771694
3483,30267.472281800565
3484,30268.231457829435
3485,30268.990633858306
3486,30295.81928522129
3487,30322.64793658427
3488,30349.476587947254
3489,30351.896874714093
3490,30354.317161480933
3491,30356.73744824777
3492,30356.73744824777
3493,30356.73744824777
3494,30356.73744824777
3495,30371.475662479526
3496,30386.21387671128
3497,30400.952090943036
3498,30404.194502380964
3499,30407.436913818892
3500,30410.67932525682
3501,30410.72810059394
3502,30410.77687593106
3503,30410.82565126818
3504,30434.314056942367
3505,30457.802462616553
3506,30481.29086829074
3507,30492.16187080277
3508,30503.0328733148
3509,30513.903875826833
3510,30513.903875826833
3511,30513.903875826833
3512,30513.903875826833
3513,30513.903875826833
3514,30513.903875826833
3515,30513.903875826833
3516,30524.740037282532
3517,30535.576198738232
3518,30546.41236019393
3519,30550.27226085829
3520,30554.13216152265
3521,30557.99206218701
3522,30563.894047323338
3523,30569.796032459664
3524,30575.69801759599
3525,30575.69801759599
3526,30575.69801759599
3527,30575.69801759599
3528,30575.69801759599
3529,30575.69801759599
3530,30575.69801759599
3531,30602.22603459296
3532,30628.75405158993
3533,30655.2820685869
3534,30702.806862938683
3535,30750.331657290466
3536,30797.85645164225
3537,30812.93493204238
3538,30828.01341244251
3539,30843.09189284264
3540,30858.838672982492
3541,30874.585453122345
3542,30890.332233262197
3543,30923.99097349659
3544,30957.649713730985
3545,30991.30845396538
3546,30996.750825010546
3547,31002.193196055712
3548,31007.63556710088
3549,31010.26370706123
3550,31012.89184702158
3551,31015.51998698193
3552,31033.288688051238
3553,31051.057389120546
3554,31068.826090189854
3555,31080.065681146432
3556,31091.30527210301
3557,31102.54486305959
3558,31107.453329808308
3559,31112.361796557027
3560,31117.270263305745
3561,31117.270263305745
3562,31117.270263305745
3563,31117.270263305745
3564,31117.270263305745
3565,31117.270263305745
3566,31117.270263305745
3567,31117.270263305745
3568,31117.270263305745
3569,31117.270263305745
3570,31165.74475448268
3571,31214.219245659613
3572,31262.693736836547
3573,31262.693736836547
3574,31262.693736836547
3575,31262.693736836547
3576,31262.693736836547
3577,31262.693736836547
3578,31262.693736836547
3579,31285.128085033535
3580,31307.562433230523
3581,31329.99678142751
3582,31346.193213077837
3583,31362.389644728162
3584,31378.586076378488
3585,31378.586076378488
3586,31378.586076378488
3587,31378.586076378488
3588,31379.606962446396
3589,31380.627848514305
3590,31381.648734582213
3591,31394.41475331876
3592,31407.180772055308
3593,31419.946790791855
3594,31420.365422337774
3595,31420.784053883694
3596,31421.202685429613
3597,31421.805927437166
3598,31421.805927437166
