Time,Junction 0 stop delay
0,0.0
1,0.0
2,0.0
3,0.0
4,0.0
5,0.0
6,0.0
7,0.0
8,0.0
9,0.0
10,0.0
11,0.0
12,0.0
13,0.0
14,0.0
15,0.0
16,0.0
17,0.0
18,0.0
19,0.0
20,0.0
21,0.0
22,0.0
23,0.0
24,0.0
25,0.0
26,0.0
27,0.0
28,0.0
29,0.0
30,0.0
31,0.0
32,0.0
33,0.0
34,0.0
35,0.0
36,0.0
37,0.0
38,0.0
39,0.0
40,0.0
41,0.0
42,0.0
43,0.0
44,0.0
45,0.0
46,0.0
47,0.0
48,0.0
49,0.0
50,0.0
51,0.0
52,0.0
53,0.0
54,0.0
55,0.0
56,0.0
57,0.0
58,0.0
59,0.0
60,0.0
61,0.0
62,0.0
63,0.0
64,0.0
65,0.0
66,0.0
67,0.0
68,0.0
69,0.0
70,0.0
71,0.0
72,0.0
73,0.0
74,0.0
75,0.0
76,0.0
77,0.0
78,0.0
79,0.0
80,0.0
81,0.0
82,0.0
83,0.0
84,0.0
85,0.0
86,0.0
87,3.5582183857961738
88,7.1164367715923476
89,10.674655157388521
90,10.674655157388521
91,10.674655157388521
92,10.674655157388521
93,10.674655157388521
94,10.674655157388521
95,10.674655157388521
96,18.300782077766367
97,25.926908998144214
98,33.553035918522056
99,33.553035918522056
100,33.553035918522056
101,33.553035918522056
102,33.553035918522056
103,33.553035918522056
104,33.553035918522056
105,34.42746603184788
106,35.3018961451737
107,36.17632625849952
108,36.17632625849952
109,36.17632625849952
110,36.17632625849952
111,36.17632625849952
112,36.17632625849952
113,36.17632625849952
114,55.643512807514384
115,75.11069935652924
116,94.5778859055441
117,101.84064044188113
118,109.10339497821818
119,116.36614951455522
120,116.36614951455522
121,116.36614951455522
122,116.36614951455522
123,116.36614951455522
124,116.36614951455522
125,116.36614951455522
126,118.33486738891517
127,120.30358526327512
128,122.27230313763508
129,122.27230313763508
130,122.27230313763508
131,122.27230313763508
132,122.27230313763508
133,122.27230313763508
134,122.27230313763508
135,153.58503350424928
136,184.89776387086349
137,216.2104942374777
138,222.7307429692798
139,229.2509917010819
140,235.77124043288399
141,235.77124043288399
142,235.77124043288399
143,235.77124043288399
144,235.77124043288399
145,235.77124043288399
146,235.77124043288399
147,235.77124043288399
148,235.77124043288399
149,235.77124043288399
150,277.58868752007055
151,319.4061346072571
152,361.2235816944437
153,369.95081442182857
154,378.67804714921346
155,387.40527987659834
156,387.40527987659834
157,387.40527987659834
158,387.40527987659834
159,387.40527987659834
160,387.40527987659834
161,387.40527987659834
162,394.9008729662079
163,402.3964660558174
164,409.89205914542697
165,409.89205914542697
166,409.89205914542697
167,409.89205914542697
168,409.89205914542697
169,409.89205914542697
170,409.89205914542697
171,438.645826846175
172,467.399594546923
173,496.15336224767105
174,503.9628208883482
175,511.7722795290253
176,519.5817381697024
177,519.5817381697024
178,519.5817381697024
179,519.5817381697024
180,519.5817381697024
181,519.5817381697024
182,519.5817381697024
183,522.1232503525187
184,524.664762535335
185,527.2062747181512
186,527.6106994511175
187,528.0151241840838
188,528.4195489170501
189,528.4195489170501
190,528.4195489170501
191,528.4195489170501
192,528.4195489170501
193,528.4195489170501
194,528.4195489170501
195,528.4195489170501
196,528.4195489170501
197,528.4195489170501
198,528.4195489170501
199,528.4195489170501
200,528.4195489170501
201,557.9141797025158
202,587.4088104879814
203,616.9034412734471
204,616.9034412734471
205,616.9034412734471
206,616.9034412734471
207,616.9034412734471
208,616.9034412734471
209,616.9034412734471
210,624.2579289397589
211,631.6124166060707
212,638.9669042723825
213,638.9669042723825
214,638.9669042723825
215,638.9669042723825
216,638.9669042723825
217,638.9669042723825
218,638.9669042723825
219,644.2648912121385
220,649.5628781518946
221,654.8608650916506
222,660.1467917094022
223,665.4327183271539
224,670.7186449449056
225,671.9265963434922
226,673.1345477420788
227,674.3424991406654
228,674.3424991406654
229,674.3424991406654
230,674.3424991406654
231,674.3424991406654
232,674.3424991406654
233,674.3424991406654
234,708.3790816995214
235,742.4156642583774
236,776.4522468172335
237,795.0136257088601
238,813.5750046004867
239,832.1363834921134
240,832.1363834921134
241,832.1363834921134
242,832.1363834921134
243,832.1363834921134
244,832.1363834921134
245,832.1363834921134
246,832.1363834921134
247,832.1363834921134
248,832.1363834921134
249,832.1363834921134
250,832.1363834921134
251,832.1363834921134
252,838.176832462476
253,844.2172814328386
254,850.2577304032012
255,852.9186970352886
256,855.5796636673759
257,858.2406302994633
258,858.2406302994633
259,858.2406302994633
260,858.2406302994633
261,858.2406302994633
262,858.2406302994633
263,858.2406302994633
264,891.7530422455478
265,925.2654541916323
266,958.7778661377168
267,971.8281772625093
268,984.8784883873017
269,997.9287995120941
270,997.9287995120941
271,997.9287995120941
272,997.9287995120941
273,1002.7778805997145
274,1007.626961687335
275,1012.4760427749554
276,1012.4760427749554
277,1012.4760427749554
278,1012.4760427749554
279,1012.4760427749554
280,1012.4760427749554
281,1012.4760427749554
282,1016.6764717148376
283,1020.8769006547197
284,1025.077329594602
285,1025.9247598018778
286,1026.7721900091537
287,1027.6196202164297
288,1029.0949798799643
289,1030.570339543499
290,1032.0456992070335
291,1032.0456992070335
292,1032.0456992070335
293,1032.0456992070335
294,1047.1981468578529
295,1062.3505945086722
296,1077.5030421594915
297,1077.5030421594915
298,1077.5030421594915
299,1077.5030421594915
300,1077.5030421594915
301,1077.5030421594915
302,1077.5030421594915
303,1083.545041693429
304,1089.5870412273666
305,1095.6290407613042
306,1097.1205982433125
307,1098.612155725321
308,1100.1037132073293
309,1100.1037132073293
310,1100.1037132073293
311,1100.1037132073293
312,1111.9132626786732
313,1123.722812150017
314,1135.532361621361
315,1138.7603755411592
316,1141.9883894609575
317,1145.2164033807558
318,1145.2164033807558
319,1145.2164033807558
320,1145.2164033807558
321,1145.2164033807558
322,1145.2164033807558
323,1145.2164033807558
324,1158.0849107369697
325,1170.9534180931837
326,1183.8219254493977
327,1196.0880835636306
328,1208.3542416778635
329,1220.6203997920964
330,1220.6203997920964
331,1220.6203997920964
332,1220.6203997920964
333,1222.4884051392755
334,1224.3564104864547
335,1226.2244158336339
336,1226.2244158336339
337,1226.2244158336339
338,1226.2244158336339
339,1226.2244158336339
340,1226.2244158336339
341,1226.2244158336339
342,1226.2244158336339
343,1226.2244158336339
344,1226.2244158336339
345,1252.275250710679
346,1278.3260855877243
347,1304.3769204647695
348,1305.1517846897302
349,1305.926648914691
350,1306.7015131396518
351,1306.7742074240937
352,1306.8469017085356
353,1306.9195959929775
354,1306.9195959929775
355,1306.9195959929775
356,1306.9195959929775
357,1306.9195959929775
358,1306.9195959929775
359,1306.9195959929775
360,1313.6110208662913
361,1320.302445739605
362,1326.9938706129187
363,1333.9542633593978
364,1340.914656105877
365,1347.875048852356
366,1347.875048852356
367,1347.875048852356
368,1347.875048852356
369,1347.875048852356
370,1347.875048852356
371,1347.875048852356
372,1347.875048852356
373,1347.875048852356
374,1347.875048852356
375,1347.875048852356
376,1347.875048852356
377,1347.875048852356
378,1358.1496284834486
379,1368.4242081145412
380,1378.6987877456338
381,1380.0886458426583
382,1381.4785039396827
383,1382.8683620367071
384,1382.8683620367071
385,1382.8683620367071
386,1382.8683620367071
387,1426.3687585397183
388,1469.8691550427295
389,1513.3695515457407
390,1522.2467976248502
391,1531.1240437039596
392,1540.001289783069
393,1540.001289783069
394,1540.001289783069
395,1540.001289783069
396,1550.3749081725869
397,1560.7485265621046
398,1571.1221449516224
399,1582.948895898709
400,1594.7756468457956
401,1606.6023977928821
402,1608.4742386182747
403,1610.3460794436673
404,1612.21792026906
405,1650.0350443844077
406,1687.8521684997554
407,1725.6692926151031
408,1725.6692926151031
409,1725.6692926151031
410,1725.6692926151031
411,1735.0137340291924
412,1744.3581754432817
413,1753.702616857371
414,1753.702616857371
415,1753.702616857371
416,1753.702616857371
417,1753.702616857371
418,1753.702616857371
419,1753.702616857371
420,1756.8365018669597
421,1759.9703868765484
422,1763.1042718861372
423,1763.1042718861372
424,1763.1042718861372
425,1763.1042718861372
426,1763.1042718861372
427,1763.1042718861372
428,1763.1042718861372
429,1763.1042718861372
430,1763.1042718861372
431,1763.1042718861372
432,1763.1042718861372
433,1763.1042718861372
434,1763.1042718861372
435,1796.5120172423904
436,1829.9197625986435
437,1863.3275079548966
438,1878.1158659449763
439,1892.904223935056
440,1907.6925819251358
441,1907.6925819251358
442,1907.6925819251358
443,1907.6925819251358
444,1919.045212310947
445,1930.397842696758
446,1941.7504730825692
447,1947.0418991287677
448,1952.3333251749661
449,1957.6247512211646
450,1957.6247512211646
451,1957.6247512211646
452,1957.6247512211646
453,1963.6375420973811
454,1969.6503329735976
455,1975.6631238498142
456,1984.7591679938012
457,1993.8552121377882
458,2002.9512562817752
459,2002.9512562817752
460,2002.9512562817752
461,2002.9512562817752
462,2002.9512562817752
463,2002.9512562817752
464,2002.9512562817752
465,2013.3926176301104
466,2023.8339789784457
467,2034.275340326781
468,2034.775340326781
469,2035.275340326781
470,2035.775340326781
471,2035.775340326781
472,2035.775340326781
473,2035.775340326781
474,2036.9096748482204
475,2038.04400936966
476,2039.1783438910995
477,2039.1783438910995
478,2039.1783438910995
479,2039.1783438910995
480,2039.1783438910995
481,2039.1783438910995
482,2039.1783438910995
483,2039.1783438910995
484,2039.1783438910995
485,2039.1783438910995
486,2067.8474900609367
487,2096.5166362307737
488,2125.1857824006106
489,2138.2365919242825
490,2151.2874014479544
491,2164.3382109716263
492,2164.3382109716263
493,2164.3382109716263
494,2164.3382109716263
495,2168.800603863257
496,2173.262996754888
497,2177.7253896465186
498,2188.992354254021
499,2200.2593188615233
500,2211.5262834690257
501,2211.5262834690257
502,2211.5262834690257
503,2211.5262834690257
504,2235.7001833922664
505,2259.874083315507
506,2284.0479832387477
507,2284.0479832387477
508,2284.0479832387477
509,2284.0479832387477
510,2284.0479832387477
511,2284.0479832387477
512,2284.0479832387477
513,2285.435688737256
514,2286.823394235764
515,2288.2110997342725
516,2288.2110997342725
517,2288.2110997342725
518,2288.2110997342725
519,2288.2110997342725
520,2288.2110997342725
521,2288.2110997342725
522,2288.2110997342725
523,2288.2110997342725
524,2288.2110997342725
525,2288.2110997342725
526,2288.2110997342725
527,2288.2110997342725
528,2288.2110997342725
529,2288.2110997342725
530,2288.2110997342725
531,2288.2110997342725
532,2288.2110997342725
533,2288.2110997342725
534,2288.2110997342725
535,2288.2110997342725
536,2288.2110997342725
537,2299.3685050413437
538,2310.525910348415
539,2321.6833156554862
540,2323.567554216631
541,2325.4517927777756
542,2327.3360313389203
543,2327.3360313389203
544,2327.3360313389203
545,2327.3360313389203
546,2328.100417191392
547,2328.8648030438635
548,2329.629188896335
549,2329.629188896335
550,2329.629188896335
551,2329.629188896335
552,2329.629188896335
553,2329.629188896335
554,2329.629188896335
555,2329.629188896335
556,2329.629188896335
557,2329.629188896335
558,2352.704668749128
559,2375.7801486019207
560,2398.8556284547135
561,2398.8556284547135
562,2398.8556284547135
563,2398.8556284547135
564,2398.8556284547135
565,2398.8556284547135
566,2398.8556284547135
567,2399.6541121849305
568,2400.4525959151474
569,2401.2510796453644
570,2401.2510796453644
571,2401.2510796453644
572,2401.2510796453644
573,2401.2510796453644
574,2401.2510796453644
575,2401.2510796453644
576,2401.2510796453644
577,2401.2510796453644
578,2401.2510796453644
579,2423.266988517491
580,2445.2828973896176
581,2467.298806261744
582,2467.298806261744
583,2467.298806261744
584,2467.298806261744
585,2467.298806261744
586,2467.298806261744
587,2467.298806261744
588,2489.2377034824362
589,2511.1766007031283
590,2533.1154979238204
591,2543.705785176201
592,2554.2960724285817
593,2564.8863596809624
594,2564.8863596809624
595,2564.8863596809624
596,2564.8863596809624
597,2570.1858277474043
598,2575.4852958138463
599,2580.784763880288
600,2580.784763880288
601,2580.784763880288
602,2580.784763880288
603,2580.784763880288
604,2580.784763880288
605,2580.784763880288
606,2599.4709581757347
607,2618.1571524711812
608,2636.8433467666277
609,2640.946367042363
610,2645.049387318098
611,2649.1524075938332
612,2649.1524075938332
613,2649.1524075938332
614,2649.1524075938332
615,2649.1524075938332
616,2649.1524075938332
617,2649.1524075938332
618,2652.3443402046146
619,2655.536272815396
620,2658.7282054261773
621,2658.7282054261773
622,2658.7282054261773
623,2658.7282054261773
624,2658.7282054261773
625,2658.7282054261773
626,2658.7282054261773
627,2678.0316689401807
628,2697.335132454184
629,2716.6385959681875
630,2747.187994520193
631,2777.7373930721988
632,2808.2867916242044
633,2808.2867916242044
634,2808.2867916242044
635,2808.2867916242044
636,2823.436345664028
637,2838.5858997038517
638,2853.7354537436754
639,2878.404146203499
640,2903.0728386633223
641,2927.7415311231457
642,2927.7415311231457
643,2927.7415311231457
644,2927.7415311231457
645,2927.7415311231457
646,2927.7415311231457
647,2927.7415311231457
648,2932.3772601294913
649,2937.012989135837
650,2941.6487181421826
651,2941.6487181421826
652,2941.6487181421826
653,2941.6487181421826
654,2941.6487181421826
655,2941.6487181421826
656,2941.6487181421826
657,2966.376060273962
658,2991.1034024057417
659,3015.8307445375212
660,3037.4927968503193
661,3059.1548491631174
662,3080.8169014759155
663,3080.8169014759155
664,3080.8169014759155
665,3080.8169014759155
666,3082.23247758738
667,3083.6480536988443
668,3085.0636298103086
669,3087.3072312150102
670,3089.550832619712
671,3091.7944340244135
672,3091.7944340244135
673,3091.7944340244135
674,3091.7944340244135
675,3091.7944340244135
676,3091.7944340244135
677,3091.7944340244135
678,3097.7180081907395
679,3103.6415823570655
680,3109.5651565233916
681,3109.5651565233916
682,3109.5651565233916
683,3109.5651565233916
684,3109.5651565233916
685,3109.5651565233916
686,3109.5651565233916
687,3113.0935341105483
688,3116.621911697705
689,3120.1502892848616
690,3123.1847463069907
691,3126.21920332912
692,3129.253660351249
693,3129.253660351249
694,3129.253660351249
695,3129.253660351249
696,3129.253660351249
697,3129.253660351249
698,3129.253660351249
699,3142.0177043882936
700,3154.7817484253383
701,3167.545792462383
702,3174.945796259229
703,3182.3458000560754
704,3189.7458038529217
705,3189.7458038529217
706,3189.7458038529217
707,3189.7458038529217
708,3189.7458038529217
709,3189.7458038529217
710,3189.7458038529217
711,3189.7458038529217
712,3189.7458038529217
713,3189.7458038529217
714,3189.7458038529217
715,3189.7458038529217
716,3189.7458038529217
717,3194.3048028524695
718,3198.8638018520173
719,3203.422800851565
720,3203.422800851565
721,3203.422800851565
722,3203.422800851565
723,3210.0191768370146
724,3216.615552822464
725,3223.2119288079134
726,3223.2119288079134
727,3223.2119288079134
728,3223.2119288079134
729,3228.582391221307
730,3233.9528536347
731,3239.3233160480936
732,3239.3233160480936
733,3239.3233160480936
734,3239.3233160480936
735,3245.8780389085555
736,3252.4327617690174
737,3258.9874846294792
738,3264.030152550811
739,3269.072820472143
740,3274.115488393475
741,3274.870137770095
742,3275.624787146715
743,3276.379436523335
744,3279.7245776521486
745,3283.0697187809624
746,3286.414859909776
747,3290.0271001477195
748,3293.6393403856628
749,3297.251580623606
750,3298.6874873415168
751,3300.1233940594275
752,3301.559300777338
753,3302.456416779127
754,3303.3535327809154
755,3304.250648782704
756,3304.250648782704
757,3304.250648782704
758,3304.250648782704
759,3304.250648782704
760,3304.250648782704
761,3304.250648782704
762,3359.6636593051626
763,3415.076669827621
764,3470.4896803500797
765,3485.970217901339
766,3501.450755452598
767,3516.9312930038573
768,3516.9312930038573
769,3516.9312930038573
770,3516.9312930038573
771,3516.9312930038573
772,3516.9312930038573
773,3516.9312930038573
774,3516.9312930038573
775,3516.9312930038573
776,3516.9312930038573
777,3516.9312930038573
778,3516.9312930038573
779,3516.9312930038573
780,3522.866514977421
781,3528.801736950985
782,3534.7369589245486
783,3534.7369589245486
784,3534.7369589245486
785,3534.7369589245486
786,3534.7369589245486
787,3534.7369589245486
788,3534.7369589245486
789,3546.3166720693534
790,3557.8963852141583
791,3569.476098358963
792,3575.428574064443
793,3581.3810497699233
794,3587.3335254754033
795,3587.3335254754033
796,3587.3335254754033
797,3587.3335254754033
798,3592.4443589324846
799,3597.555192389566
800,3602.6660258466472
801,3605.2486966888705
802,3607.8313675310937
803,3610.414038373317
804,3610.414038373317
805,3610.414038373317
806,3610.414038373317
807,3610.414038373317
808,3610.414038373317
809,3610.414038373317
810,3633.4413034199815
811,3656.468568466646
812,3679.4958335133106
813,3685.4958335133106
814,3691.4958335133106
815,3697.4958335133106
816,3697.4958335133106
817,3697.4958335133106
818,3697.4958335133106
819,3699.6488770449737
820,3701.801920576637
821,3703.9549641083
822,3703.9549641083
823,3703.9549641083
824,3703.9549641083
825,3705.839208954845
826,3707.7234538013904
827,3709.6076986479356
828,3797.5757500135537
829,3885.543801379172
830,3973.51185274479
831,4001.684032940837
832,4029.856213136884
833,4058.028393332931
834,4058.028393332931
835,4058.028393332931
836,4058.028393332931
837,4072.3811875655315
838,4086.733981798132
839,4101.086776030732
840,4125.725447388241
841,4150.364118745751
842,4175.00279010326
843,4192.257250133771
844,4209.511710164282
845,4226.766170194793
846,4238.050594338618
847,4249.335018482443
848,4260.619442626268
849,4268.914565634456
850,4277.209688642644
851,4285.504811650832
852,4289.285328402571
853,4293.06584515431
854,4296.846361906049
855,4296.846361906049
856,4296.846361906049
857,4296.846361906049
858,4296.846361906049
859,4296.846361906049
860,4296.846361906049
861,4296.846361906049
862,4296.846361906049
863,4296.846361906049
864,4296.846361906049
865,4296.846361906049
866,4296.846361906049
867,4309.9018177889975
868,4322.957273671946
869,4336.012729554894
870,4338.2352081070785
871,4340.457686659263
872,4342.680165211448
873,4342.680165211448
874,4342.680165211448
875,4342.680165211448
876,4343.83643241371
877,4344.992699615972
878,4346.148966818234
879,4346.733596234355
880,4347.318225650476
881,4347.902855066597
882,4347.902855066597
883,4347.902855066597
884,4347.902855066597
885,4347.902855066597
886,4347.902855066597
887,4347.902855066597
888,4347.902855066597
889,4347.902855066597
890,4347.902855066597
891,4347.902855066597
892,4347.902855066597
893,4347.902855066597
894,4366.557475719839
895,4385.212096373081
896,4403.866717026323
897,4417.8620666000115
898,4431.8574161737
899,4445.852765747388
900,4445.852765747388
901,4445.852765747388
902,4445.852765747388
903,4475.797000653583
904,4505.741235559779
905,4535.6854704659745
906,4545.658774833344
907,4555.632079200714
908,4565.605383568083
909,4565.605383568083
910,4565.605383568083
911,4565.605383568083
912,4565.605383568083
913,4565.605383568083
914,4565.605383568083
915,4572.756647838227
916,4579.9079121083705
917,4587.059176378514
918,4591.03103048671
919,4595.0028845949055
920,4598.974738703101
921,4598.974738703101
922,4598.974738703101
923,4598.974738703101
924,4598.974738703101
925,4598.974738703101
926,4598.974738703101
927,4598.974738703101
928,4598.974738703101
929,4598.974738703101
930,4608.663215098989
931,4618.351691494877
932,4628.040167890765
933,4634.915096353488
934,4641.7900248162105
935,4648.664953278933
936,4648.664953278933
937,4648.664953278933
938,4648.664953278933
939,4648.664953278933
940,4648.664953278933
941,4648.664953278933
942,4648.664953278933
943,4648.664953278933
944,4648.664953278933
945,4656.632495714805
946,4664.600038150677
947,4672.567580586549
948,4697.8736966222905
949,4723.179812658032
950,4748.485928693773
951,4775.338460303823
952,4802.190991913873
953,4829.043523523924
954,4829.043523523924
955,4829.043523523924
956,4829.043523523924
957,4831.82085601614
958,4834.5981885083565
959,4837.375521000573
960,4838.933394619568
961,4840.491268238564
962,4842.049141857559
963,4842.049141857559
964,4842.049141857559
965,4842.049141857559
966,4842.049141857559
967,4842.049141857559
968,4842.049141857559
969,4842.049141857559
970,4842.049141857559
971,4842.049141857559
972,4842.049141857559
973,4842.049141857559
974,4842.049141857559
975,4893.7321099632245
976,4945.41507806889
977,4997.098046174555
978,4999.276038351755
979,5001.454030528956
980,5003.632022706156
981,5003.632022706156
982,5003.632022706156
983,5003.632022706156
984,5006.14998430844
985,5008.6679459107245
986,5011.185907513009
987,5011.185907513009
988,5011.185907513009
989,5011.185907513009
990,5011.185907513009
991,5011.185907513009
992,5011.185907513009
993,5011.185907513009
994,5011.185907513009
995,5011.185907513009
996,5011.185907513009
997,5011.185907513009
998,5011.185907513009
999,5027.242337655825
1000,5043.298767798642
1001,5059.355197941459
1002,5076.355197941459
1003,5093.355197941459
1004,5110.355197941459
1005,5115.216743136219
1006,5120.0782883309785
1007,5124.939833525738
1008,5131.138423327587
1009,5137.337013129435
1010,5143.535602931283
1011,5181.086219924911
1012,5218.636836918539
1013,5256.187453912167
1014,5263.704649972064
1015,5271.22184603196
1016,5278.739042091856
1017,5282.252744039623
1018,5285.76644598739
1019,5289.280147935157
1020,5289.280147935157
1021,5289.280147935157
1022,5289.280147935157
1023,5289.280147935157
1024,5289.280147935157
1025,5289.280147935157
1026,5289.280147935157
1027,5289.280147935157
1028,5289.280147935157
1029,5299.574595051714
1030,5309.86904216827
1031,5320.163489284827
1032,5320.830155951494
1033,5321.496822618161
1034,5322.163489284828
1035,5322.163489284828
1036,5322.163489284828
1037,5322.163489284828
1038,5322.163489284828
1039,5322.163489284828
1040,5322.163489284828
1041,5322.163489284828
1042,5322.163489284828
1043,5322.163489284828
1044,5322.163489284828
1045,5322.163489284828
1046,5322.163489284828
1047,5331.237754259947
1048,5340.312019235066
1049,5349.386284210185
1050,5349.386284210185
1051,5349.386284210185
1052,5349.386284210185
1053,5360.778928241766
1054,5372.171572273347
1055,5383.564216304928
1056,5387.312735568953
1057,5391.061254832978
1058,5394.809774097003
1059,5394.809774097003
1060,5394.809774097003
1061,5394.809774097003
1062,5394.809774097003
1063,5394.809774097003
1064,5394.809774097003
1065,5400.910409403996
1066,5407.011044710988
1067,5413.111680017981
1068,5413.111680017981
1069,5413.111680017981
1070,5413.111680017981
1071,5413.111680017981
1072,5413.111680017981
1073,5413.111680017981
1074,5441.573731992055
1075,5470.03578396613
1076,5498.497835940205
1077,5498.497835940205
1078,5498.497835940205
1079,5498.497835940205
1080,5498.497835940205
1081,5498.497835940205
1082,5498.497835940205
1083,5498.497835940205
1084,5498.497835940205
1085,5498.497835940205
1086,5507.346402775199
1087,5516.194969610193
1088,5525.043536445187
1089,5530.935333259947
1090,5536.8271300747065
1091,5542.718926889466
1092,5542.718926889466
1093,5542.718926889466
1094,5542.718926889466
1095,5546.306484918529
1096,5549.894042947592
1097,5553.4816009766555
1098,5553.4816009766555
1099,5553.4816009766555
1100,5553.4816009766555
1101,5553.4816009766555
1102,5553.4816009766555
1103,5553.4816009766555
1104,5570.617849898642
1105,5587.754098820628
1106,5604.890347742615
1107,5604.890347742615
1108,5604.890347742615
1109,5604.890347742615
1110,5604.890347742615
1111,5604.890347742615
1112,5604.890347742615
1113,5604.890347742615
1114,5604.890347742615
1115,5604.890347742615
1116,5607.604412305983
1117,5610.318476869351
1118,5613.032541432719
1119,5613.885752627194
1120,5614.738963821669
1121,5615.592175016144
1122,5615.592175016144
1123,5615.592175016144
1124,5615.592175016144
1125,5626.130889347724
1126,5636.669603679305
1127,5647.208318010885
1128,5656.011885965332
1129,5664.815453919779
1130,5673.619021874227
1131,5673.619021874227
1132,5673.619021874227
1133,5673.619021874227
1134,5673.619021874227
1135,5673.619021874227
1136,5673.619021874227
1137,5673.619021874227
1138,5673.619021874227
1139,5673.619021874227
1140,5673.619021874227
1141,5673.619021874227
1142,5673.619021874227
1143,5676.280001181961
1144,5678.940980489695
1145,5681.601959797429
1146,5681.601959797429
1147,5681.601959797429
1148,5681.601959797429
1149,5681.601959797429
1150,5681.601959797429
1151,5681.601959797429
1152,5692.473314640845
1153,5703.344669484261
1154,5714.216024327678
1155,5718.2036477791025
1156,5722.1912712305275
1157,5726.178894681952
1158,5726.178894681952
1159,5726.178894681952
1160,5726.178894681952
1161,5726.178894681952
1162,5726.178894681952
1163,5726.178894681952
1164,5726.178894681952
1165,5726.178894681952
1166,5726.178894681952
1167,5726.178894681952
1168,5726.178894681952
1169,5726.178894681952
1170,5750.494976217672
1171,5774.811057753392
1172,5799.127139289111
1173,5800.670442051592
1174,5802.213744814072
1175,5803.757047576552
1176,5803.757047576552
1177,5803.757047576552
1178,5803.757047576552
1179,5817.580933071877
1180,5831.404818567201
1181,5845.228704062525
1182,5849.832446875885
1183,5854.436189689244
1184,5859.039932502604
1185,5859.039932502604
1186,5859.039932502604
1187,5859.039932502604
1188,5859.039932502604
1189,5859.039932502604
1190,5859.039932502604
1191,5859.039932502604
1192,5859.039932502604
1193,5859.039932502604
1194,5859.039932502604
1195,5859.039932502604
1196,5859.039932502604
1197,5864.580105111217
1198,5870.12027771983
1199,5875.6604503284425
1200,5875.6604503284425
1201,5875.6604503284425
1202,5875.6604503284425
1203,5875.6604503284425
1204,5875.6604503284425
1205,5875.6604503284425
1206,5875.6604503284425
1207,5875.6604503284425
1208,5875.6604503284425
1209,5875.6604503284425
1210,5875.6604503284425
1211,5875.6604503284425
1212,5908.063297395888
1213,5940.466144463334
1214,5972.86899153078
1215,5980.293383421069
1216,5987.717775311358
1217,5995.142167201648
1218,5995.142167201648
1219,5995.142167201648
1220,5995.142167201648
1221,5995.142167201648
1222,5995.142167201648
1223,5995.142167201648
1224,6011.815792523347
1225,6028.489417845047
1226,6045.163043166746
1227,6049.587222660977
1228,6054.011402155208
1229,6058.435581649439
1230,6058.435581649439
1231,6058.435581649439
1232,6058.435581649439
1233,6072.69496244589
1234,6086.954343242342
1235,6101.213724038793
1236,6106.163298756577
1237,6111.112873474362
1238,6116.062448192146
1239,6116.062448192146
1240,6116.062448192146
1241,6116.062448192146
1242,6116.062448192146
1243,6116.062448192146
1244,6116.062448192146
1245,6116.062448192146
1246,6116.062448192146
1247,6116.062448192146
1248,6116.062448192146
1249,6116.062448192146
1250,6116.062448192146
1251,6136.586795181131
1252,6157.111142170115
1253,6177.6354891591
1254,6180.033985993517
1255,6182.432482827933
1256,6184.83097966235
1257,6186.05791949832
1258,6187.284859334291
1259,6188.511799170261
1260,6188.511799170261
1261,6188.511799170261
1262,6188.511799170261
1263,6188.511799170261
1264,6188.511799170261
1265,6188.511799170261
1266,6201.829820923177
1267,6215.147842676093
1268,6228.465864429009
1269,6253.185119557546
1270,6277.904374686083
1271,6302.6236298146205
1272,6302.6236298146205
1273,6302.6236298146205
1274,6302.6236298146205
1275,6302.6236298146205
1276,6302.6236298146205
1277,6302.6236298146205
1278,6305.298341379517
1279,6307.973052944414
1280,6310.647764509311
1281,6310.647764509311
1282,6310.647764509311
1283,6310.647764509311
1284,6310.647764509311
1285,6310.647764509311
1286,6310.647764509311
1287,6312.778546873013
1288,6314.909329236714
1289,6317.040111600416
1290,6317.040111600416
1291,6317.040111600416
1292,6317.040111600416
1293,6317.040111600416
1294,6317.040111600416
1295,6317.040111600416
1296,6349.748832192534
1297,6382.457552784652
1298,6415.16627337677
1299,6415.16627337677
1300,6415.16627337677
1301,6415.16627337677
1302,6415.16627337677
1303,6415.16627337677
1304,6415.16627337677
1305,6415.16627337677
1306,6415.16627337677
1307,6415.16627337677
1308,6420.046939390628
1309,6424.927605404486
1310,6429.808271418344
1311,6432.737023413961
1312,6435.665775409578
1313,6438.594527405195
1314,6440.6364577166405
1315,6442.678388028086
1316,6444.720318339532
1317,6444.720318339532
1318,6444.720318339532
1319,6444.720318339532
1320,6444.720318339532
1321,6444.720318339532
1322,6444.720318339532
1323,6444.720318339532
1324,6444.720318339532
1325,6444.720318339532
1326,6464.309533278356
1327,6483.89874821718
1328,6503.487963156003
1329,6503.487963156003
1330,6503.487963156003
1331,6503.487963156003
1332,6503.487963156003
1333,6503.487963156003
1334,6503.487963156003
1335,6505.181686568979
1336,6506.875409981954
1337,6508.56913339493
1338,6509.685016439099
1339,6510.800899483268
1340,6511.916782527437
1341,6511.916782527437
1342,6511.916782527437
1343,6511.916782527437
1344,6511.916782527437
1345,6511.916782527437
1346,6511.916782527437
1347,6514.241697261017
1348,6516.566611994597
1349,6518.891526728177
1350,6522.466030654566
1351,6526.040534580954
1352,6529.615038507342
1353,6533.682256539793
1354,6537.749474572244
1355,6541.816692604695
1356,6547.07703054391
1357,6552.337368483125
1358,6557.59770642234
1359,6557.59770642234
1360,6557.59770642234
1361,6557.59770642234
1362,6584.071115075232
1363,6610.544523728125
1364,6637.017932381017
1365,6669.2365627485915
1366,6701.455193116166
1367,6733.67382348374
1368,6733.67382348374
1369,6733.67382348374
1370,6733.67382348374
1371,6733.67382348374
1372,6733.67382348374
1373,6733.67382348374
1374,6775.423921206253
1375,6817.174018928766
1376,6858.924116651278
1377,6858.924116651278
1378,6858.924116651278
1379,6858.924116651278
1380,6858.924116651278
1381,6858.924116651278
1382,6858.924116651278
1383,6858.924116651278
1384,6858.924116651278
1385,6858.924116651278
1386,6863.444284893903
1387,6867.964453136528
1388,6872.484621379153
1389,6872.484621379153
1390,6872.484621379153
1391,6872.484621379153
1392,6887.972090363278
1393,6903.459559347402
1394,6918.947028331527
1395,6938.5928074842295
1396,6958.238586636932
1397,6977.884365789635
1398,6984.735525999946
1399,6991.586686210257
1400,6998.437846420567
1401,6998.437846420567
1402,6998.437846420567
1403,6998.437846420567
1404,7012.287852564956
1405,7026.137858709344
1406,7039.987864853732
1407,7047.446323067319
1408,7054.904781280906
1409,7062.3632394944925
1410,7062.3632394944925
1411,7062.3632394944925
1412,7062.3632394944925
1413,7062.3632394944925
1414,7062.3632394944925
1415,7062.3632394944925
1416,7062.3632394944925
1417,7062.3632394944925
1418,7062.3632394944925
1419,7062.3632394944925
1420,7062.3632394944925
1421,7062.3632394944925
1422,7072.939529272362
1423,7083.515819050232
1424,7094.092108828101
1425,7095.34114580206
1426,7096.590182776019
1427,7097.839219749978
1428,7097.839219749978
1429,7097.839219749978
1430,7097.839219749978
1431,7133.541661840613
1432,7169.244103931249
1433,7204.946546021884
1434,7221.203818849135
1435,7237.461091676386
1436,7253.718364503637
1437,7262.821078411692
1438,7271.923792319747
1439,7281.026506227802
1440,7281.026506227802
1441,7281.026506227802
1442,7281.026506227802
1443,7281.026506227802
1444,7281.026506227802
1445,7281.026506227802
1446,7281.026506227802
1447,7281.026506227802
1448,7281.026506227802
1449,7283.572315453299
1450,7286.1181246787955
1451,7288.663933904292
1452,7288.663933904292
1453,7288.663933904292
1454,7288.663933904292
1455,7288.663933904292
1456,7288.663933904292
1457,7288.663933904292
1458,7291.593672099591
1459,7294.523410294889
1460,7297.453148490187
1461,7297.453148490187
1462,7297.453148490187
1463,7297.453148490187
1464,7297.453148490187
1465,7297.453148490187
1466,7297.453148490187
1467,7301.200463067111
1468,7304.947777644034
1469,7308.695092220958
1470,7314.495541675614
1471,7320.29599113027
1472,7326.096440584925
1473,7329.339149294558
1474,7332.581858004191
1475,7335.824566713824
1476,7335.824566713824
1477,7335.824566713824
1478,7335.824566713824
1479,7338.365674828166
1480,7340.9067829425085
1481,7343.4478910568505
1482,7343.4478910568505
1483,7343.4478910568505
1484,7343.4478910568505
1485,7343.4478910568505
1486,7343.4478910568505
1487,7343.4478910568505
1488,7343.4478910568505
1489,7343.4478910568505
1490,7343.4478910568505
1491,7344.569882680868
1492,7345.691874304886
1493,7346.813865928904
1494,7346.813865928904
1495,7346.813865928904
1496,7346.813865928904
1497,7355.83454103335
1498,7364.855216137797
1499,7373.875891242243
1500,7381.101640954183
1501,7388.3273906661225
1502,7395.553140378062
1503,7395.553140378062
1504,7395.553140378062
1505,7395.553140378062
1506,7411.766824051989
1507,7427.980507725915
1508,7444.194191399842
1509,7451.999338726542
1510,7459.804486053243
1511,7467.609633379943
1512,7469.910766776205
1513,7472.211900172466
1514,7474.513033568727
1515,7474.513033568727
1516,7474.513033568727
1517,7474.513033568727
1518,7474.513033568727
1519,7474.513033568727
1520,7474.513033568727
1521,7474.513033568727
1522,7474.513033568727
1523,7474.513033568727
1524,7474.513033568727
1525,7474.513033568727
1526,7474.513033568727
1527,7474.513033568727
1528,7474.513033568727
1529,7474.513033568727
1530,7474.513033568727
1531,7474.513033568727
1532,7474.513033568727
1533,7474.513033568727
1534,7474.513033568727
1535,7474.513033568727
1536,7475.750633350628
1537,7476.988233132529
1538,7478.22583291443
1539,7485.47088671678
1540,7492.7159405191305
1541,7499.960994321481
1542,7499.960994321481
1543,7499.960994321481
1544,7499.960994321481
1545,7499.960994321481
1546,7499.960994321481
1547,7499.960994321481
1548,7499.960994321481
1549,7499.960994321481
1550,7499.960994321481
1551,7515.454182035252
1552,7530.947369749024
1553,7546.440557462795
1554,7546.440557462795
1555,7546.440557462795
1556,7546.440557462795
1557,7548.006587854062
1558,7549.572618245328
1559,7551.138648636595
1560,7551.318877534954
1561,7551.499106433313
1562,7551.679335331672
1563,7553.664792931006
1564,7555.65025053034
1565,7557.635708129674
1566,7557.635708129674
1567,7557.635708129674
1568,7557.635708129674
1569,7566.013366305536
1570,7574.391024481398
1571,7582.76868265726
1572,7603.397430020419
1573,7624.026177383578
1574,7644.654924746737
1575,7644.654924746737
1576,7644.654924746737
1577,7644.654924746737
1578,7644.654924746737
1579,7644.654924746737
1580,7644.654924746737
1581,7661.24498402881
1582,7677.835043310883
1583,7694.425102592955
1584,7703.217130721059
1585,7712.009158849163
1586,7720.801186977267
1587,7720.801186977267
1588,7720.801186977267
1589,7720.801186977267
1590,7723.124297101063
1591,7725.4474072248595
1592,7727.770517348656
1593,7728.270517348656
1594,7728.770517348656
1595,7729.270517348656
1596,7729.270517348656
1597,7729.270517348656
1598,7729.270517348656
1599,7729.270517348656
1600,7729.270517348656
1601,7729.270517348656
1602,7729.270517348656
1603,7729.270517348656
1604,7729.270517348656
1605,7732.425496825527
1606,7735.580476302399
1607,7738.7354557792705
1608,7738.7354557792705
1609,7738.7354557792705
1610,7738.7354557792705
1611,7738.7354557792705
1612,7738.7354557792705
1613,7738.7354557792705
1614,7738.7354557792705
1615,7738.7354557792705
1616,7738.7354557792705
1617,7741.300764054564
1618,7743.866072329857
1619,7746.4313806051505
1620,7746.4313806051505
1621,7746.4313806051505
1622,7746.4313806051505
1623,7746.4313806051505
1624,7746.4313806051505
1625,7746.4313806051505
1626,7777.561714385148
1627,7808.692048165145
1628,7839.822381945142
1629,7839.822381945142
1630,7839.822381945142
1631,7839.822381945142
1632,7839.822381945142
1633,7839.822381945142
1634,7839.822381945142
1635,7842.010824018176
1636,7844.19926609121
1637,7846.387708164244
1638,7852.293366553281
1639,7858.199024942318
1640,7864.104683331355
1641,7864.104683331355
1642,7864.104683331355
1643,7864.104683331355
1644,7864.104683331355
1645,7864.104683331355
1646,7864.104683331355
1647,7872.260947628464
1648,7880.417211925574
1649,7888.573476222683
1650,7889.770393136609
1651,7890.967310050534
1652,7892.16422696446
1653,7892.16422696446
1654,7892.16422696446
1655,7892.16422696446
1656,7906.211411738541
1657,7920.258596512622
1658,7934.305781286703
1659,7945.632781201858
1660,7956.959781117013
1661,7968.286781032169
1662,7968.286781032169
1663,7968.286781032169
1664,7968.286781032169
1665,7972.819939267715
1666,7977.353097503262
1667,7981.886255738808
1668,7986.602804872618
1669,7991.3193540064285
1670,7996.035903140239
1671,7996.035903140239
1672,7996.035903140239
1673,7996.035903140239
1674,7996.035903140239
1675,7996.035903140239
1676,7996.035903140239
1677,8003.93385865578
1678,8011.831814171321
1679,8019.729769686862
1680,8019.729769686862
1681,8019.729769686862
1682,8019.729769686862
1683,8019.729769686862
1684,8019.729769686862
1685,8019.729769686862
1686,8019.729769686862
1687,8019.729769686862
1688,8019.729769686862
1689,8019.729769686862
1690,8019.729769686862
1691,8019.729769686862
1692,8024.912011663014
1693,8030.094253639166
1694,8035.276495615318
1695,8041.766219525785
1696,8048.255943436253
1697,8054.74566734672
1698,8054.74566734672
1699,8054.74566734672
1700,8054.74566734672
1701,8054.74566734672
1702,8054.74566734672
1703,8054.74566734672
1704,8055.052978789536
1705,8055.360290232351
1706,8055.667601675166
1707,8055.667601675166
1708,8055.667601675166
1709,8055.667601675166
1710,8055.667601675166
1711,8055.667601675166
1712,8055.667601675166
1713,8055.667601675166
1714,8055.667601675166
1715,8055.667601675166
1716,8072.547586912065
1717,8089.427572148963
1718,8106.307557385861
1719,8106.307557385861
1720,8106.307557385861
1721,8106.307557385861
1722,8111.619898987606
1723,8116.93224058935
1724,8122.244582191094
1725,8122.569638109409
1726,8122.894694027725
1727,8123.21974994604
1728,8123.21974994604
1729,8123.21974994604
1730,8123.21974994604
1731,8123.21974994604
1732,8123.21974994604
1733,8123.21974994604
1734,8129.652573091886
1735,8136.085396237731
1736,8142.518219383577
1737,8142.518219383577
1738,8142.518219383577
1739,8142.518219383577
1740,8142.518219383577
1741,8142.518219383577
1742,8142.518219383577
1743,8147.464173285067
1744,8152.410127186557
1745,8157.356081088046
1746,8161.437666711111
1747,8165.519252334176
1748,8169.60083795724
1749,8169.60083795724
1750,8169.60083795724
1751,8169.60083795724
1752,8169.60083795724
1753,8169.60083795724
1754,8169.60083795724
1755,8169.60083795724
1756,8169.60083795724
1757,8169.60083795724
1758,8169.60083795724
1759,8169.60083795724
1760,8169.60083795724
1761,8188.6792971896375
1762,8207.757756422036
1763,8226.836215654434
1764,8226.836215654434
1765,8226.836215654434
1766,8226.836215654434
1767,8226.836215654434
1768,8226.836215654434
1769,8226.836215654434
1770,8256.620303324651
1771,8286.404390994869
1772,8316.188478665086
1773,8319.188478665086
1774,8322.188478665086
1775,8325.188478665086
1776,8325.188478665086
1777,8325.188478665086
1778,8325.188478665086
1779,8327.538834613588
1780,8329.88919056209
1781,8332.239546510591
1782,8342.394174131816
1783,8352.54880175304
1784,8362.703429374265
1785,8362.703429374265
1786,8362.703429374265
1787,8362.703429374265
1788,8362.703429374265
1789,8362.703429374265
1790,8362.703429374265
1791,8370.630188064833
1792,8378.556946755401
1793,8386.48370544597
1794,8386.48370544597
1795,8386.48370544597
1796,8386.48370544597
1797,8386.48370544597
1798,8386.48370544597
1799,8386.48370544597
1800,8393.076643983244
1801,8399.669582520519
1802,8406.262521057793
1803,8421.744062969954
1804,8437.225604882115
1805,8452.707146794275
1806,8452.707146794275
1807,8452.707146794275
1808,8452.707146794275
1809,8452.707146794275
1810,8452.707146794275
1811,8452.707146794275
1812,8452.707146794275
1813,8452.707146794275
1814,8452.707146794275
1815,8475.323223334879
1816,8497.939299875483
1817,8520.555376416087
1818,8525.60300791688
1819,8530.650639417672
1820,8535.698270918465
1821,8546.936017267972
1822,8558.173763617478
1823,8569.411509966985
1824,8569.411509966985
1825,8569.411509966985
1826,8569.411509966985
1827,8578.961599201753
1828,8588.511688436522
1829,8598.06177767129
1830,8603.302706430077
1831,8608.543635188864
1832,8613.78456394765
1833,8613.78456394765
1834,8613.78456394765
1835,8613.78456394765
1836,8613.78456394765
1837,8613.78456394765
1838,8613.78456394765
1839,8613.78456394765
1840,8613.78456394765
1841,8613.78456394765
1842,8636.11570642056
1843,8658.446848893469
1844,8680.777991366378
1845,8693.752763343686
1846,8706.727535320993
1847,8719.702307298301
1848,8720.265453835274
1849,8720.828600372248
1850,8721.391746909221
1851,8721.391746909221
1852,8721.391746909221
1853,8721.391746909221
1854,8721.391746909221
1855,8721.391746909221
1856,8721.391746909221
1857,8721.391746909221
1858,8721.391746909221
1859,8721.391746909221
1860,8721.391746909221
1861,8721.391746909221
1862,8721.391746909221
1863,8783.311572021767
1864,8845.231397134312
1865,8907.151222246857
1866,8945.31943298167
1867,8983.487643716484
1868,9021.655854451297
1869,9021.655854451297
1870,9021.655854451297
1871,9021.655854451297
1872,9031.877056570853
1873,9042.098258690408
1874,9052.319460809964
1875,9065.64655945346
1876,9078.973658096957
1877,9092.300756740453
1878,9092.300756740453
1879,9092.300756740453
1880,9092.300756740453
1881,9098.634996884202
1882,9104.969237027952
1883,9111.303477171701
1884,9114.160219617412
1885,9117.016962063122
1886,9119.873704508833
1887,9119.873704508833
1888,9119.873704508833
1889,9119.873704508833
1890,9119.873704508833
1891,9119.873704508833
1892,9119.873704508833
1893,9157.944801233847
1894,9196.015897958861
1895,9234.086994683876
1896,9234.086994683876
1897,9234.086994683876
1898,9234.086994683876
1899,9234.086994683876
1900,9234.086994683876
1901,9234.086994683876
1902,9241.882364071631
1903,9249.677733459386
1904,9257.473102847141
1905,9263.461202525854
1906,9269.449302204566
1907,9275.437401883279
1908,9275.437401883279
1909,9275.437401883279
1910,9275.437401883279
1911,9275.437401883279
1912,9275.437401883279
1913,9275.437401883279
1914,9275.437401883279
1915,9275.437401883279
1916,9275.437401883279
1917,9278.823620827477
1918,9282.209839771676
1919,9285.596058715875
1920,9309.152014237572
1921,9332.707969759269
1922,9356.263925280966
1923,9356.263925280966
1924,9356.263925280966
1925,9356.263925280966
1926,9356.263925280966
1927,9356.263925280966
1928,9356.263925280966
1929,9372.275886577316
1930,9388.287847873666
1931,9404.299809170016
1932,9411.139488346069
1933,9417.979167522122
1934,9424.818846698176
1935,9424.818846698176
1936,9424.818846698176
1937,9424.818846698176
1938,9428.60822107185
1939,9432.397595445525
1940,9436.1869698192
1941,9446.234511237219
1942,9456.282052655237
1943,9466.329594073255
1944,9466.329594073255
1945,9466.329594073255
1946,9466.329594073255
1947,9466.329594073255
1948,9466.329594073255
1949,9466.329594073255
1950,9466.329594073255
1951,9466.329594073255
1952,9466.329594073255
1953,9469.811480221357
1954,9473.293366369458
1955,9476.77525251756
1956,9519.869647199117
1957,9562.964041880674
1958,9606.05843656223
1959,9621.567298027481
1960,9637.076159492732
1961,9652.585020957982
1962,9661.933864085155
1963,9671.282707212327
1964,9680.6315503395
1965,9680.6315503395
1966,9680.6315503395
1967,9680.6315503395
1968,9680.6315503395
1969,9680.6315503395
1970,9680.6315503395
1971,9706.278859183667
1972,9731.926168027834
1973,9757.573476872001
1974,9773.333059497449
1975,9789.092642122896
1976,9804.852224748343
1977,9804.852224748343
1978,9804.852224748343
1979,9804.852224748343
1980,9826.643595205935
1981,9848.434965663526
1982,9870.226336121117
1983,9886.674138094402
1984,9903.121940067687
1985,9919.569742040972
1986,9928.272023537167
1987,9936.974305033362
1988,9945.676586529557
1989,9948.656539903131
1990,9951.636493276706
1991,9954.616446650281
1992,9954.616446650281
1993,9954.616446650281
1994,9954.616446650281
1995,9954.616446650281
1996,9954.616446650281
1997,9954.616446650281
1998,9954.616446650281
1999,9954.616446650281
2000,9954.616446650281
2001,9954.616446650281
2002,9954.616446650281
2003,9954.616446650281
2004,9964.702754213697
2005,9974.789061777112
2006,9984.875369340527
2007,9992.928993231317
2008,10000.982617122107
2009,10009.036241012896
2010,10009.036241012896
2011,10009.036241012896
2012,10009.036241012896
2013,10009.036241012896
2014,10009.036241012896
2015,10009.036241012896
2016,10010.526760914288
2017,10012.01728081568
2018,10013.507800717072
2019,10013.507800717072
2020,10013.507800717072
2021,10013.507800717072
2022,10013.507800717072
2023,10013.507800717072
2024,10013.507800717072
2025,10025.734150733697
2026,10037.960500750321
2027,10050.186850766946
2028,10050.186850766946
2029,10050.186850766946
2030,10050.186850766946
2031,10050.186850766946
2032,10050.186850766946
2033,10050.186850766946
2034,10050.186850766946
2035,10050.186850766946
2036,10050.186850766946
2037,10052.180917411853
2038,10054.17498405676
2039,10056.169050701668
2040,10056.169050701668
2041,10056.169050701668
2042,10056.169050701668
2043,10056.169050701668
2044,10056.169050701668
2045,10056.169050701668
2046,10071.189378467936
2047,10086.209706234204
2048,10101.230034000471
2049,10102.342718535483
2050,10103.455403070495
2051,10104.568087605507
2052,10104.568087605507
2053,10104.568087605507
2054,10104.568087605507
2055,10104.568087605507
2056,10104.568087605507
2057,10104.568087605507
2058,10104.568087605507
2059,10104.568087605507
2060,10104.568087605507
2061,10106.157615097616
2062,10107.747142589726
2063,10109.336670081835
2064,10112.716338379578
2065,10116.09600667732
2066,10119.475674975063
2067,10119.475674975063
2068,10119.475674975063
2069,10119.475674975063
2070,10119.475674975063
2071,10119.475674975063
2072,10119.475674975063
2073,10128.701380474617
2074,10137.92708597417
2075,10147.152791473723
2076,10152.946136030174
2077,10158.739480586624
2078,10164.532825143075
2079,10164.532825143075
2080,10164.532825143075
2081,10164.532825143075
2082,10172.804257182399
2083,10181.075689221723
2084,10189.347121261048
2085,10193.211772546201
2086,10197.076423831355
2087,10200.941075116509
2088,10200.941075116509
2089,10200.941075116509
2090,10200.941075116509
2091,10200.941075116509
2092,10200.941075116509
2093,10200.941075116509
2094,10235.087497996
2095,10269.233920875493
2096,10303.380343754985
2097,10317.847481571509
2098,10332.314619388033
2099,10346.781757204557
2100,10346.781757204557
2101,10346.781757204557
2102,10346.781757204557
2103,10371.103822716232
2104,10395.425888227906
2105,10419.747953739581
2106,10419.747953739581
2107,10419.747953739581
2108,10419.747953739581
2109,10438.929630937186
2110,10458.11130813479
2111,10477.292985332395
2112,10485.199148962529
2113,10493.105312592663
2114,10501.011476222797
2115,10514.139146793734
2116,10527.26681736467
2117,10540.394487935608
2118,10552.380525105153
2119,10564.366562274698
2120,10576.352599444243
2121,10576.428838459498
2122,10576.505077474754
2123,10576.58131649001
2124,10576.58131649001
2125,10576.58131649001
2126,10576.58131649001
2127,10576.58131649001
2128,10576.58131649001
2129,10576.58131649001
2130,10586.42137365568
2131,10596.261430821349
2132,10606.101487987018
2133,10612.774403373223
2134,10619.447318759429
2135,10626.120234145634
2136,10627.413654910762
2137,10628.707075675891
2138,10630.00049644102
2139,10630.00049644102
2140,10630.00049644102
2141,10630.00049644102
2142,10630.00049644102
2143,10630.00049644102
2144,10630.00049644102
2145,10630.00049644102
2146,10630.00049644102
2147,10630.00049644102
2148,10665.832386035974
2149,10701.664275630928
2150,10737.496165225883
2151,10753.586167590553
2152,10769.676169955223
2153,10785.766172319893
2154,10785.766172319893
2155,10785.766172319893
2156,10785.766172319893
2157,10788.426115511398
2158,10791.086058702904
2159,10793.74600189441
2160,10825.283184114911
2161,10856.820366335412
2162,10888.357548555914
2163,10893.992244644129
2164,10899.626940732343
2165,10905.261636820558
2166,10905.261636820558
2167,10905.261636820558
2168,10905.261636820558
2169,10914.175739999704
2170,10923.08984317885
2171,10932.003946357996
2172,10932.003946357996
2173,10932.003946357996
2174,10932.003946357996
2175,10935.442499884599
2176,10938.881053411202
2177,10942.319606937805
2178,10942.881574283423
2179,10943.443541629042
2180,10944.00550897466
2181,10944.00550897466
2182,10944.00550897466
2183,10944.00550897466
2184,10944.00550897466
2185,10944.00550897466
2186,10944.00550897466
2187,10973.09503719052
2188,11002.18456540638
2189,11031.27409362224
2190,11031.27409362224
2191,11031.27409362224
2192,11031.27409362224
2193,11031.27409362224
2194,11031.27409362224
2195,11031.27409362224
2196,11031.27409362224
2197,11031.27409362224
2198,11031.27409362224
2199,11046.243247880175
2200,11061.21240213811
2201,11076.181556396044
2202,11076.82734759926
2203,11077.473138802474
2204,11078.118930005689
2205,11089.486516646062
2206,11100.854103286436
2207,11112.22168992681
2208,11122.703868153492
2209,11133.186046380175
2210,11143.668224606858
2211,11153.302818986236
2212,11162.937413365615
2213,11172.572007744993
2214,11172.572007744993
2215,11172.572007744993
2216,11172.572007744993
2217,11172.572007744993
2218,11172.572007744993
2219,11172.572007744993
2220,11172.572007744993
2221,11172.572007744993
2222,11172.572007744993
2223,11176.830086728067
2224,11181.08816571114
2225,11185.346244694214
2226,11194.189981271098
2227,11203.033717847982
2228,11211.877454424866
2229,11211.877454424866
2230,11211.877454424866
2231,11211.877454424866
2232,11211.877454424866
2233,11211.877454424866
2234,11211.877454424866
2235,11215.415365976709
2236,11218.953277528552
2237,11222.491189080394
2238,11222.491189080394
2239,11222.491189080394
2240,11222.491189080394
2241,11222.491189080394
2242,11222.491189080394
2243,11222.491189080394
2244,11224.15114549498
2245,11225.811101909565
2246,11227.47105832415
2247,11227.47105832415
2248,11227.47105832415
2249,11227.47105832415
2250,11227.47105832415
2251,11227.47105832415
2252,11227.47105832415
2253,11227.47105832415
2254,11227.47105832415
2255,11227.47105832415
2256,11227.47105832415
2257,11227.47105832415
2258,11227.47105832415
2259,11236.88079997767
2260,11246.290541631191
2261,11255.700283284712
2262,11259.247174301485
2263,11262.794065318258
2264,11266.34095633503
2265,11266.34095633503
2266,11266.34095633503
2267,11266.34095633503
2268,11266.34095633503
2269,11266.34095633503
2270,11266.34095633503
2271,11273.648332457202
2272,11280.955708579373
2273,11288.263084701544
2274,11288.263084701544
2275,11288.263084701544
2276,11288.263084701544
2277,11288.263084701544
2278,11288.263084701544
2279,11288.263084701544
2280,11293.222604399272
2281,11298.182124097
2282,11303.141643794728
2283,11306.32903712386
2284,11309.516430452992
2285,11312.703823782123
2286,11312.703823782123
2287,11312.703823782123
2288,11312.703823782123
2289,11312.703823782123
2290,11312.703823782123
2291,11312.703823782123
2292,11326.389605816858
2293,11340.075387851592
2294,11353.761169886326
2295,11353.761169886326
2296,11353.761169886326
2297,11353.761169886326
2298,11353.761169886326
2299,11353.761169886326
2300,11353.761169886326
2301,11353.761169886326
2302,11353.761169886326
2303,11353.761169886326
2304,11353.761169886326
2305,11353.761169886326
2306,11353.761169886326
2307,11355.578560520727
2308,11357.39595115513
2309,11359.213341789531
2310,11370.851087693418
2311,11382.488833597305
2312,11394.126579501191
2313,11394.126579501191
2314,11394.126579501191
2315,11394.126579501191
2316,11427.205191403795
2317,11460.283803306398
2318,11493.362415209001
2319,11493.362415209001
2320,11493.362415209001
2321,11493.362415209001
2322,11493.362415209001
2323,11493.362415209001
2324,11493.362415209001
2325,11493.362415209001
2326,11493.362415209001
2327,11493.362415209001
2328,11520.648189584426
2329,11547.933963959851
2330,11575.219738335276
2331,11578.49292302541
2332,11581.766107715543
2333,11585.039292405676
2334,11585.039292405676
2335,11585.039292405676
2336,11585.039292405676
2337,11600.046606797812
2338,11615.053921189949
2339,11630.061235582085
2340,11630.061235582085
2341,11630.061235582085
2342,11630.061235582085
2343,11630.061235582085
2344,11630.061235582085
2345,11630.061235582085
2346,11630.061235582085
2347,11630.061235582085
2348,11630.061235582085
2349,11636.989230787085
2350,11643.917225992085
2351,11650.845221197085
2352,11650.845221197085
2353,11650.845221197085
2354,11650.845221197085
2355,11650.845221197085
2356,11650.845221197085
2357,11650.845221197085
2358,11657.18547382891
2359,11663.525726460733
2360,11669.865979092558
2361,11671.923517666624
2362,11673.981056240691
2363,11676.038594814758
2364,11676.038594814758
2365,11676.038594814758
2366,11676.038594814758
2367,11676.263445785877
2368,11676.488296756996
2369,11676.713147728115
2370,11678.830168285345
2371,11680.947188842576
2372,11683.064209399807
2373,11683.064209399807
2374,11683.064209399807
2375,11683.064209399807
2376,11683.064209399807
2377,11683.064209399807
2378,11683.064209399807
2379,11694.185776062122
2380,11705.307342724438
2381,11716.428909386754
2382,11716.428909386754
2383,11716.428909386754
2384,11716.428909386754
2385,11716.428909386754
2386,11716.428909386754
2387,11716.428909386754
2388,11723.298335624058
2389,11730.167761861363
2390,11737.037188098668
2391,11738.13362087225
2392,11739.230053645832
2393,11740.326486419413
2394,11740.326486419413
2395,11740.326486419413
2396,11740.326486419413
2397,11741.615590553454
2398,11742.904694687495
2399,11744.193798821536
2400,11750.399934133779
2401,11756.606069446021
2402,11762.812204758264
2403,11762.812204758264
2404,11762.812204758264
2405,11762.812204758264
2406,11762.812204758264
2407,11762.812204758264
2408,11762.812204758264
2409,11762.812204758264
2410,11762.812204758264
2411,11762.812204758264
2412,11762.812204758264
2413,11762.812204758264
2414,11762.812204758264
2415,11762.812204758264
2416,11762.812204758264
2417,11762.812204758264
2418,11762.812204758264
2419,11762.812204758264
2420,11762.812204758264
2421,11764.945850606253
2422,11767.079496454242
2423,11769.213142302231
2424,11769.213142302231
2425,11769.213142302231
2426,11769.213142302231
2427,11769.213142302231
2428,11769.213142302231
2429,11769.213142302231
2430,11771.716818095292
2431,11774.220493888353
2432,11776.724169681414
2433,11778.824643777372
2434,11780.92511787333
2435,11783.025591969288
2436,11783.025591969288
2437,11783.025591969288
2438,11783.025591969288
2439,11783.025591969288
2440,11783.025591969288
2441,11783.025591969288
2442,11783.025591969288
2443,11783.025591969288
2444,11783.025591969288
2445,11789.779938573125
2446,11796.534285176962
2447,11803.288631780799
2448,11803.288631780799
2449,11803.288631780799
2450,11803.288631780799
2451,11803.288631780799
2452,11803.288631780799
2453,11803.288631780799
2454,11807.054242095192
2455,11810.819852409584
2456,11814.585462723977
2457,11814.585462723977
2458,11814.585462723977
2459,11814.585462723977
2460,11814.585462723977
2461,11814.585462723977
2462,11814.585462723977
2463,11843.608131838631
2464,11872.630800953286
2465,11901.65347006794
2466,11910.831296071332
2467,11920.009122074724
2468,11929.186948078115
2469,11929.186948078115
2470,11929.186948078115
2471,11929.186948078115
2472,11932.320487316621
2473,11935.454026555128
2474,11938.587565793634
2475,11938.587565793634
2476,11938.587565793634
2477,11938.587565793634
2478,11938.587565793634
2479,11938.587565793634
2480,11938.587565793634
2481,11938.587565793634
2482,11938.587565793634
2483,11938.587565793634
2484,11947.941279974017
2485,11957.2949941544
2486,11966.648708334782
2487,11966.648708334782
2488,11966.648708334782
2489,11966.648708334782
2490,11966.648708334782
2491,11966.648708334782
2492,11966.648708334782
2493,11968.246448943622
2494,11969.844189552463
2495,11971.441930161303
2496,11976.55052002537
2497,11981.659109889437
2498,11986.767699753504
2499,11986.767699753504
2500,11986.767699753504
2501,11986.767699753504
2502,11999.465364823558
2503,12012.163029893612
2504,12024.860694963667
2505,12040.898063196692
2506,12056.935431429716
2507,12072.97279966274
2508,12072.97279966274
2509,12072.97279966274
2510,12072.97279966274
2511,12072.97279966274
2512,12072.97279966274
2513,12072.97279966274
2514,12072.97279966274
2515,12072.97279966274
2516,12072.97279966274
2517,12072.97279966274
2518,12072.97279966274
2519,12072.97279966274
2520,12076.738463162375
2521,12080.50412666201
2522,12084.269790161645
2523,12085.2910697681
2524,12086.312349374555
2525,12087.33362898101
2526,12087.33362898101
2527,12087.33362898101
2528,12087.33362898101
2529,12087.33362898101
2530,12087.33362898101
2531,12087.33362898101
2532,12087.33362898101
2533,12087.33362898101
2534,12087.33362898101
2535,12145.127387959126
2536,12202.921146937242
2537,12260.714905915358
2538,12275.488909840513
2539,12290.262913765668
2540,12305.036917690823
2541,12305.036917690823
2542,12305.036917690823
2543,12305.036917690823
2544,12319.2249562361
2545,12333.412994781376
2546,12347.601033326653
2547,12359.374587410284
2548,12371.148141493915
2549,12382.921695577546
2550,12382.921695577546
2551,12382.921695577546
2552,12382.921695577546
2553,12382.921695577546
2554,12382.921695577546
2555,12382.921695577546
2556,12391.00101756268
2557,12399.080339547812
2558,12407.159661532945
2559,12408.799663526412
2560,12410.439665519878
2561,12412.079667513344
2562,12412.38010192353
2563,12412.680536333717
2564,12412.980970743904
2565,12412.980970743904
2566,12412.980970743904
2567,12412.980970743904
2568,12412.980970743904
2569,12412.980970743904
2570,12412.980970743904
2571,12460.288853385593
2572,12507.596736027283
2573,12554.904618668972
2574,12566.98403374813
2575,12579.063448827286
2576,12591.142863906443
2577,12591.142863906443
2578,12591.142863906443
2579,12591.142863906443
2580,12591.142863906443
2581,12591.142863906443
2582,12591.142863906443
2583,12601.047575648228
2584,12610.952287390013
2585,12620.856999131798
2586,12620.856999131798
2587,12620.856999131798
2588,12620.856999131798
2589,12620.856999131798
2590,12620.856999131798
2591,12620.856999131798
2592,12630.924436482675
2593,12640.991873833553
2594,12651.05931118443
2595,12653.59491946322
2596,12656.130527742009
2597,12658.666136020798
2598,12658.666136020798
2599,12658.666136020798
2600,12658.666136020798
2601,12658.666136020798
2602,12658.666136020798
2603,12658.666136020798
2604,12685.36300641632
2605,12712.059876811843
2606,12738.756747207366
2607,12748.277029967048
2608,12757.79731272673
2609,12767.317595486413
2610,12767.317595486413
2611,12767.317595486413
2612,12767.317595486413
2613,12778.689111804817
2614,12790.060628123221
2615,12801.432144441625
2616,12802.577402265879
2617,12803.722660090132
2618,12804.867917914386
2619,12804.867917914386
2620,12804.867917914386
2621,12804.867917914386
2622,12806.888914268357
2623,12808.909910622328
2624,12810.930906976299
2625,12811.595699530772
2626,12812.260492085245
2627,12812.925284639718
2628,12812.925284639718
2629,12812.925284639718
2630,12812.925284639718
2631,12812.925284639718
2632,12812.925284639718
2633,12812.925284639718
2634,12812.925284639718
2635,12812.925284639718
2636,12812.925284639718
2637,12812.925284639718
2638,12812.925284639718
2639,12812.925284639718
2640,12819.598112662115
2641,12826.270940684513
2642,12832.943768706911
2643,12835.443768706911
2644,12837.943768706911
2645,12840.443768706911
2646,12840.443768706911
2647,12840.443768706911
2648,12840.443768706911
2649,12840.443768706911
2650,12840.443768706911
2651,12840.443768706911
2652,12840.443768706911
2653,12840.443768706911
2654,12840.443768706911
2655,12840.443768706911
2656,12840.443768706911
2657,12840.443768706911
2658,12847.494058063867
2659,12854.544347420822
2660,12861.594636777778
2661,12865.957177574468
2662,12870.319718371158
2663,12874.682259167848
2664,12874.682259167848
2665,12874.682259167848
2666,12874.682259167848
2667,12885.604071300328
2668,12896.525883432807
2669,12907.447695565286
2670,12908.795627826084
2671,12910.143560086883
2672,12911.49149234768
2673,12911.49149234768
2674,12911.49149234768
2675,12911.49149234768
2676,12911.49149234768
2677,12911.49149234768
2678,12911.49149234768
2679,12911.49149234768
2680,12911.49149234768
2681,12911.49149234768
2682,12920.748378705848
2683,12930.005265064015
2684,12939.262151422183
2685,12943.151101170957
2686,12947.040050919732
2687,12950.929000668506
2688,12950.929000668506
2689,12950.929000668506
2690,12950.929000668506
2691,12950.929000668506
2692,12950.929000668506
2693,12950.929000668506
2694,12950.929000668506
2695,12950.929000668506
2696,12950.929000668506
2697,12950.929000668506
2698,12950.929000668506
2699,12950.929000668506
2700,12963.54205909111
2701,12976.155117513716
2702,12988.76817593632
2703,12993.058432934582
2704,12997.348689932844
2705,13001.638946931105
2706,13001.638946931105
2707,13001.638946931105
2708,13001.638946931105
2709,13094.983883481722
2710,13188.328820032339
2711,13281.673756582955
2712,13326.137397322756
2713,13370.601038062558
2714,13415.064678802359
2715,13428.301623607074
2716,13441.53856841179
2717,13454.775513216506
2718,13468.238704858131
2719,13481.701896499757
2720,13495.165088141383
2721,13495.867424728573
2722,13496.569761315763
2723,13497.272097902953
2724,13503.848585363854
2725,13510.425072824755
2726,13517.001560285657
2727,13517.001560285657
2728,13517.001560285657
2729,13517.001560285657
2730,13536.612475733016
2731,13556.223391180376
2732,13575.834306627736
2733,13580.025125976088
2734,13584.21594532444
2735,13588.406764672793
2736,13602.286273966643
2737,13616.165783260494
2738,13630.045292554345
2739,13630.045292554345
2740,13630.045292554345
2741,13630.045292554345
2742,13640.225865719942
2743,13650.406438885539
2744,13660.587012051135
2745,13665.134255740459
2746,13669.681499429782
2747,13674.228743119105
2748,13674.228743119105
2749,13674.228743119105
2750,13674.228743119105
2751,13674.228743119105
2752,13674.228743119105
2753,13674.228743119105
2754,13674.228743119105
2755,13674.228743119105
2756,13674.228743119105
2757,13684.462641639419
2758,13694.696540159732
2759,13704.930438680045
2760,13709.333537241464
2761,13713.736635802883
2762,13718.139734364302
2763,13718.139734364302
2764,13718.139734364302
2765,13718.139734364302
2766,13718.139734364302
2767,13718.139734364302
2768,13718.139734364302
2769,13726.24449736101
2770,13734.34926035772
2771,13742.454023354429
2772,13742.454023354429
2773,13742.454023354429
2774,13742.454023354429
2775,13742.454023354429
2776,13742.454023354429
2777,13742.454023354429
2778,13742.454023354429
2779,13742.454023354429
2780,13742.454023354429
2781,13742.454023354429
2782,13742.454023354429
2783,13742.454023354429
2784,13742.454023354429
2785,13742.454023354429
2786,13742.454023354429
2787,13746.897603028521
2788,13751.341182702614
2789,13755.784762376707
2790,13755.784762376707
2791,13755.784762376707
2792,13755.784762376707
2793,13787.748127682333
2794,13819.711492987959
2795,13851.674858293585
2796,13881.030869064192
2797,13910.3868798348
2798,13939.742890605407
2799,13939.742890605407
2800,13939.742890605407
2801,13939.742890605407
2802,13939.742890605407
2803,13939.742890605407
2804,13939.742890605407
2805,13942.672872780993
2806,13945.60285495658
2807,13948.532837132167
2808,13951.445293236626
2809,13954.357749341085
2810,13957.270205445544
2811,13957.270205445544
2812,13957.270205445544
2813,13957.270205445544
2814,13957.270205445544
2815,13957.270205445544
2816,13957.270205445544
2817,13957.270205445544
2818,13957.270205445544
2819,13957.270205445544
2820,13957.270205445544
2821,13957.270205445544
2822,13957.270205445544
2823,14061.126109627732
2824,14164.98201380992
2825,14268.837917992108
2826,14268.837917992108
2827,14268.837917992108
2828,14268.837917992108
2829,14268.837917992108
2830,14268.837917992108
2831,14268.837917992108
2832,14274.92081313916
2833,14281.003708286213
2834,14287.086603433265
2835,14287.086603433265
2836,14287.086603433265
2837,14287.086603433265
2838,14287.086603433265
2839,14287.086603433265
2840,14287.086603433265
2841,14287.086603433265
2842,14287.086603433265
2843,14287.086603433265
2844,14287.31162537645
2845,14287.536647319634
2846,14287.761669262818
2847,14287.761669262818
2848,14287.761669262818
2849,14287.761669262818
2850,14300.059541986035
2851,14312.357414709251
2852,14324.655287432468
2853,14335.401263568128
2854,14346.147239703789
2855,14356.89321583945
2856,14356.89321583945
2857,14356.89321583945
2858,14356.89321583945
2859,14356.89321583945
2860,14356.89321583945
2861,14356.89321583945
2862,14359.327330595888
2863,14361.761445352327
2864,14364.195560108767
2865,14364.195560108767
2866,14364.195560108767
2867,14364.195560108767
2868,14364.195560108767
2869,14364.195560108767
2870,14364.195560108767
2871,14364.195560108767
2872,14364.195560108767
2873,14364.195560108767
2874,14364.195560108767
2875,14364.195560108767
2876,14364.195560108767
2877,14369.52521943924
2878,14374.854878769713
2879,14380.184538100186
2880,14397.49675371211
2881,14414.808969324034
2882,14432.121184935959
2883,14438.728954008653
2884,14445.336723081347
2885,14451.944492154042
2886,14451.944492154042
2887,14451.944492154042
2888,14451.944492154042
2889,14454.586943113047
2890,14457.229394072052
2891,14459.871845031057
2892,14462.656481974816
2893,14465.441118918576
2894,14468.225755862335
2895,14468.225755862335
2896,14468.225755862335
2897,14468.225755862335
2898,14506.678015076357
2899,14545.130274290379
2900,14583.582533504401
2901,14601.750501541983
2902,14619.918469579565
2903,14638.086437617147
2904,14638.086437617147
2905,14638.086437617147
2906,14638.086437617147
2907,14638.086437617147
2908,14638.086437617147
2909,14638.086437617147
2910,14639.281317173805
2911,14640.476196730464
2912,14641.671076287123
2913,14646.193762988314
2914,14650.716449689506
2915,14655.239136390697
2916,14655.239136390697
2917,14655.239136390697
2918,14655.239136390697
2919,14655.239136390697
2920,14655.239136390697
2921,14655.239136390697
2922,14655.239136390697
2923,14655.239136390697
2924,14655.239136390697
2925,14655.239136390697
2926,14655.239136390697
2927,14655.239136390697
2928,14665.2273102527
2929,14675.215484114702
2930,14685.203657976705
2931,14685.203657976705
2932,14685.203657976705
2933,14685.203657976705
2934,14685.203657976705
2935,14685.203657976705
2936,14685.203657976705
2937,14701.26893018101
2938,14717.334202385315
2939,14733.39947458962
2940,14742.39947458962
2941,14751.39947458962
2942,14760.39947458962
2943,14770.37392168564
2944,14780.348368781659
2945,14790.322815877678
2946,14790.322815877678
2947,14790.322815877678
2948,14790.322815877678
2949,14790.322815877678
2950,14790.322815877678
2951,14790.322815877678
2952,14790.322815877678
2953,14790.322815877678
2954,14790.322815877678
2955,14812.659767148143
2956,14834.996718418608
2957,14857.333669689073
2958,14857.333669689073
2959,14857.333669689073
2960,14857.333669689073
2961,14857.333669689073
2962,14857.333669689073
2963,14857.333669689073
2964,14867.605085570622
2965,14877.87650145217
2966,14888.14791733372
2967,14890.614978966023
2968,14893.082040598327
2969,14895.54910223063
2970,14895.54910223063
2971,14895.54910223063
2972,14895.54910223063
2973,14898.245487840391
2974,14900.941873450152
2975,14903.638259059913
2976,14907.273173307993
2977,14910.908087556072
2978,14914.543001804152
2979,14914.543001804152
2980,14914.543001804152
2981,14914.543001804152
2982,14931.7313758633
2983,14948.91974992245
2984,14966.1081239816
2985,14978.544857250525
2986,14990.98159051945
2987,15003.418323788375
2988,15010.305813925506
2989,15017.193304062637
2990,15024.080794199768
2991,15024.080794199768
2992,15024.080794199768
2993,15024.080794199768
2994,15025.149452754824
2995,15026.21811130988
2996,15027.286769864935
2997,15027.286769864935
2998,15027.286769864935
2999,15027.286769864935
3000,15027.286769864935
3001,15027.286769864935
3002,15027.286769864935
3003,15047.186716131664
3004,15067.086662398393
3005,15086.986608665122
3006,15098.163172274142
3007,15109.339735883163
3008,15120.516299492183
3009,15120.516299492183
3010,15120.516299492183
3011,15120.516299492183
3012,15122.268387923305
3013,15124.020476354426
3014,15125.772564785548
3015,15160.4271883668
3016,15195.081811948054
3017,15229.736435529307
3018,15229.736435529307
3019,15229.736435529307
3020,15229.736435529307
3021,15231.394030880165
3022,15233.051626231023
3023,15234.709221581881
3024,15236.936309705492
3025,15239.163397829103
3026,15241.390485952714
3027,15252.78457682795
3028,15264.178667703185
3029,15275.57275857842
3030,15275.57275857842
3031,15275.57275857842
3032,15275.57275857842
3033,15275.57275857842
3034,15275.57275857842
3035,15275.57275857842
3036,15275.57275857842
3037,15275.57275857842
3038,15275.57275857842
3039,15294.38639654267
3040,15313.20003450692
3041,15332.013672471168
3042,15341.999042669857
3043,15351.984412868545
3044,15361.969783067234
3045,15367.264613172154
3046,15372.559443277074
3047,15377.854273381994
3048,15402.390643531247
3049,15426.9270136805
3050,15451.463383829754
3051,15492.718015005334
3052,15533.972646180913
3053,15575.227277356493
3054,15586.781667548725
3055,15598.336057740957
3056,15609.890447933189
3057,15609.890447933189
3058,15609.890447933189
3059,15609.890447933189
3060,15609.890447933189
3061,15609.890447933189
3062,15609.890447933189
3063,15614.631323050156
3064,15619.372198167124
3065,15624.113073284092
3066,15624.113073284092
3067,15624.113073284092
3068,15624.113073284092
3069,15624.113073284092
3070,15624.113073284092
3071,15624.113073284092
3072,15624.113073284092
3073,15624.113073284092
3074,15624.113073284092
3075,15624.113073284092
3076,15624.113073284092
3077,15624.113073284092
3078,15624.113073284092
3079,15624.113073284092
3080,15624.113073284092
3081,15624.113073284092
3082,15624.113073284092
3083,15624.113073284092
3084,15635.244812609391
3085,15646.37655193469
3086,15657.50829125999
3087,15657.50829125999
3088,15657.50829125999
3089,15657.50829125999
3090,15657.50829125999
3091,15657.50829125999
3092,15657.50829125999
3093,15657.50829125999
3094,15657.50829125999
3095,15657.50829125999
3096,15659.858997291833
3097,15662.209703323675
3098,15664.560409355518
3099,15664.560409355518
3100,15664.560409355518
3101,15664.560409355518
3102,15664.560409355518
3103,15664.560409355518
3104,15664.560409355518
3105,15680.402555165902
3106,15696.244700976285
3107,15712.08684678667
3108,15712.08684678667
3109,15712.08684678667
3110,15712.08684678667
3111,15712.08684678667
3112,15712.08684678667
3113,15712.08684678667
3114,15712.08684678667
3115,15712.08684678667
3116,15712.08684678667
3117,15712.08684678667
3118,15712.08684678667
3119,15712.08684678667
3120,15719.167830464832
3121,15726.248814142995
3122,15733.329797821158
3123,15737.70766066006
3124,15742.085523498963
3125,15746.463386337866
3126,15749.230767712452
3127,15751.998149087038
3128,15754.765530461624
3129,15754.765530461624
3130,15754.765530461624
3131,15754.765530461624
3132,15754.765530461624
3133,15754.765530461624
3134,15754.765530461624
3135,15754.765530461624
3136,15754.765530461624
3137,15754.765530461624
3138,15784.870800160648
3139,15814.976069859673
3140,15845.081339558697
3141,15845.081339558697
3142,15845.081339558697
3143,15845.081339558697
3144,15856.716303598174
3145,15868.35126763765
3146,15879.986231677127
3147,15879.986231677127
3148,15879.986231677127
3149,15879.986231677127
3150,15945.767193170319
3151,16011.548154663511
3152,16077.329116156703
3153,16088.849964713767
3154,16100.37081327083
3155,16111.891661827894
3156,16120.17677385769
3157,16128.461885887484
3158,16136.746997917278
3159,16136.746997917278
3160,16136.746997917278
3161,16136.746997917278
3162,16136.746997917278
3163,16136.746997917278
3164,16136.746997917278
3165,16146.013788595965
3166,16155.280579274651
3167,16164.547369953338
3168,16164.547369953338
3169,16164.547369953338
3170,16164.547369953338
3171,16164.547369953338
3172,16164.547369953338
3173,16164.547369953338
3174,16175.867610247888
3175,16187.187850542437
3176,16198.508090836987
3177,16200.320184520835
3178,16202.132278204683
3179,16203.94437188853
3180,16203.94437188853
3181,16203.94437188853
3182,16203.94437188853
3183,16203.94437188853
3184,16203.94437188853
3185,16203.94437188853
3186,16240.722196496967
3187,16277.500021105403
3188,16314.27784571384
3189,16324.457696501708
3190,16334.637547289576
3191,16344.817398077445
3192,16351.12751547991
3193,16357.437632882375
3194,16363.74775028484
3195,16363.74775028484
3196,16363.74775028484
3197,16363.74775028484
3198,16363.74775028484
3199,16363.74775028484
3200,16363.74775028484
3201,16369.203446187741
3202,16374.659142090642
3203,16380.114837993544
3204,16385.648399320075
3205,16391.181960646605
3206,16396.715521973136
3207,16396.715521973136
3208,16396.715521973136
3209,16396.715521973136
3210,16397.412871962886
3211,16398.110221952636
3212,16398.807571942387
3213,16398.807571942387
3214,16398.807571942387
3215,16398.807571942387
3216,16398.807571942387
3217,16398.807571942387
3218,16398.807571942387
3219,16414.937741032976
3220,16431.067910123566
3221,16447.198079214155
3222,16449.698079214155
3223,16452.198079214155
3224,16454.698079214155
3225,16454.698079214155
3226,16454.698079214155
3227,16454.698079214155
3228,16498.798791198897
3229,16542.89950318364
3230,16587.00021516838
3231,16595.00021516838
3232,16603.00021516838
3233,16611.00021516838
3234,16611.00021516838
3235,16611.00021516838
3236,16611.00021516838
3237,16615.952148058055
3238,16620.90408094773
3239,16625.856013837405
3240,16635.101623016315
3241,16644.347232195225
3242,16653.592841374135
3243,16653.592841374135
3244,16653.592841374135
3245,16653.592841374135
3246,16653.592841374135
3247,16653.592841374135
3248,16653.592841374135
3249,16665.037489034443
3250,16676.48213669475
3251,16687.92678435506
3252,16689.645660813774
3253,16691.36453727249
3254,16693.083413731205
3255,16693.083413731205
3256,16693.083413731205
3257,16693.083413731205
3258,16693.083413731205
3259,16693.083413731205
3260,16693.083413731205
3261,16693.083413731205
3262,16693.083413731205
3263,16693.083413731205
3264,16693.083413731205
3265,16693.083413731205
3266,16693.083413731205
3267,16710.801230475074
3268,16728.519047218942
3269,16746.23686396281
3270,16746.23686396281
3271,16746.23686396281
3272,16746.23686396281
3273,16746.23686396281
3274,16746.23686396281
3275,16746.23686396281
3276,16746.23686396281
3277,16746.23686396281
3278,16746.23686396281
3279,16754.287848373093
3280,16762.338832783375
3281,16770.389817193656
3282,16770.389817193656
3283,16770.389817193656
3284,16770.389817193656
3285,16770.389817193656
3286,16770.389817193656
3287,16770.389817193656
3288,16770.389817193656
3289,16770.389817193656
3290,16770.389817193656
3291,16770.389817193656
3292,16770.389817193656
3293,16770.389817193656
3294,16776.73957712049
3295,16783.089337047324
3296,16789.439096974158
3297,16795.439096974158
3298,16801.439096974158
3299,16807.439096974158
3300,16807.439096974158
3301,16807.439096974158
3302,16807.439096974158
3303,16807.439096974158
3304,16807.439096974158
3305,16807.439096974158
3306,16807.439096974158
3307,16807.439096974158
3308,16807.439096974158
3309,16807.439096974158
3310,16807.439096974158
3311,16807.439096974158
3312,16831.82917806503
3313,16856.2192591559
3314,16880.60934024677
3315,16880.60934024677
3316,16880.60934024677
3317,16880.60934024677
3318,16880.60934024677
3319,16880.60934024677
3320,16880.60934024677
3321,16886.890972744935
3322,16893.1726052431
3323,16899.454237741265
3324,16925.905168289377
3325,16952.35609883749
3326,16978.8070293856
3327,16978.8070293856
3328,16978.8070293856
3329,16978.8070293856
3330,16989.8228925061
3331,17000.838755626603
3332,17011.854618747104
3333,17012.822735402355
3334,17013.790852057606
3335,17014.758968712857
3336,17014.926608338534
3337,17015.09424796421
3338,17015.261887589888
3339,17015.261887589888
3340,17015.261887589888
3341,17015.261887589888
3342,17015.261887589888
3343,17015.261887589888
3344,17015.261887589888
3345,17015.261887589888
3346,17015.261887589888
3347,17015.261887589888
3348,17034.05915026101
3349,17052.856412932135
3350,17071.65367560326
3351,17083.83261641869
3352,17096.011557234124
3353,17108.190498049556
3354,17108.190498049556
3355,17108.190498049556
3356,17108.190498049556
3357,17111.404321722788
3358,17114.61814539602
3359,17117.83196906925
3360,17120.221129858248
3361,17122.610290647244
3362,17124.99945143624
3363,17124.99945143624
3364,17124.99945143624
3365,17124.99945143624
3366,17124.99945143624
3367,17124.99945143624
3368,17124.99945143624
3369,17124.99945143624
3370,17124.99945143624
3371,17124.99945143624
3372,17124.99945143624
3373,17124.99945143624
3374,17124.99945143624
3375,17138.476541904063
3376,17151.953632371886
3377,17165.43072283971
3378,17165.43072283971
3379,17165.43072283971
3380,17165.43072283971
3381,17165.43072283971
3382,17165.43072283971
3383,17165.43072283971
3384,17166.795453082304
3385,17168.1601833249
3386,17169.524913567497
3387,17170.58278978307
3388,17171.640665998646
3389,17172.69854221422
3390,17172.69854221422
3391,17172.69854221422
3392,17172.69854221422
3393,17172.69854221422
3394,17172.69854221422
3395,17172.69854221422
3396,17172.69854221422
3397,17172.69854221422
3398,17172.69854221422
3399,17172.69854221422
3400,17172.69854221422
3401,17172.69854221422
3402,17180.97952994708
3403,17189.260517679937
3404,17197.541505412795
3405,17208.917231365507
3406,17220.29295731822
3407,17231.66868327093
3408,17231.66868327093
3409,17231.66868327093
3410,17231.66868327093
3411,17254.943477812936
3412,17278.21827235494
3413,17301.493066896946
3414,17306.36520910237
3415,17311.23735130779
3416,17316.109493513213
3417,17316.109493513213
3418,17316.109493513213
3419,17316.109493513213
3420,17325.997980535158
3421,17335.886467557102
3422,17345.774954579047
3423,17353.167135007523
3424,17360.559315436
3425,17367.951495864476
3426,17367.951495864476
3427,17367.951495864476
3428,17367.951495864476
3429,17367.951495864476
3430,17367.951495864476
3431,17367.951495864476
3432,17367.951495864476
3433,17367.951495864476
3434,17367.951495864476
3435,17367.951495864476
3436,17367.951495864476
3437,17367.951495864476
3438,17379.512030736452
3439,17391.07256560843
3440,17402.633100480405
3441,17402.633100480405
3442,17402.633100480405
3443,17402.633100480405
3444,17402.971495126047
3445,17403.309889771688
3446,17403.64828441733
3447,17403.64828441733
3448,17403.64828441733
3449,17403.64828441733
3450,17403.64828441733
3451,17403.64828441733
3452,17403.64828441733
3453,17403.64828441733
3454,17403.64828441733
3455,17403.64828441733
3456,17415.742772338395
3457,17427.83726025946
3458,17439.931748180526
3459,17439.931748180526
3460,17439.931748180526
3461,17439.931748180526
3462,17439.931748180526
3463,17439.931748180526
3464,17439.931748180526
3465,17440.50762841291
3466,17441.083508645293
3467,17441.659388877677
3468,17441.659388877677
3469,17441.659388877677
3470,17441.659388877677
3471,17441.659388877677
3472,17441.659388877677
3473,17441.659388877677
3474,17454.1849768492
3475,17466.71056482072
3476,17479.236152792244
3477,17480.96495645754
3478,17482.69376012284
3479,17484.422563788135
3480,17486.722377819155
3481,17489.022191850174
3482,17491.322005881193
3483,17491.322005881193
3484,17491.322005881193
3485,17491.322005881193
3486,17509.21550206534
3487,17527.10899824949
3488,17545.002494433636
3489,17545.002494433636
3490,17545.002494433636
3491,17545.002494433636
3492,17545.002494433636
3493,17545.002494433636
3494,17545.002494433636
3495,17552.617880274116
3496,17560.233266114596
3497,17567.848651955075
3498,17567.848651955075
3499,17567.848651955075
3500,17567.848651955075
3501,17567.848651955075
3502,17567.848651955075
3503,17567.848651955075
3504,17583.790832768263
3505,17599.73301358145
3506,17615.67519439464
3507,17620.546281657695
3508,17625.41736892075
3509,17630.288456183804
3510,17630.288456183804
3511,17630.288456183804
3512,17630.288456183804
3513,17630.288456183804
3514,17630.288456183804
3515,17630.288456183804
3516,17633.541939602488
3517,17636.795423021173
3518,17640.048906439857
3519,17640.048906439857
3520,17640.048906439857
3521,17640.048906439857
3522,17640.048906439857
3523,17640.048906439857
3524,17640.048906439857
3525,17640.048906439857
3526,17640.048906439857
3527,17640.048906439857
3528,17640.048906439857
3529,17640.048906439857
3530,17640.048906439857
3531,17657.46286039711
3532,17674.876814354364
3533,17692.290768311617
3534,17732.395256125816
3535,17772.499743940014
3536,17812.604231754212
3537,17821.302495787324
3538,17830.000759820436
3539,17838.699023853547
3540,17847.117837601072
3541,17855.536651348597
3542,17863.95546509612
3543,17888.81381615262
3544,17913.672167209115
3545,17938.530518265612
3546,17938.530518265612
3547,17938.530518265612
3548,17938.530518265612
3549,17938.530518265612
3550,17938.530518265612
3551,17938.530518265612
3552,17949.597490364482
3553,17960.66446246335
3554,17971.73143456222
3555,17973.815781805504
3556,17975.900129048787
3557,17977.98447629207
3558,17978.48818871572
3559,17978.991901139372
3560,17979.495613563024
3561,17979.495613563024
3562,17979.495613563024
3563,17979.495613563024
3564,17979.495613563024
3565,17979.495613563024
3566,17979.495613563024
3567,17979.495613563024
3568,17979.495613563024
3569,17979.495613563024
3570,18020.194839868986
3571,18060.894066174948
3572,18101.59329248091
3573,18101.59329248091
3574,18101.59329248091
3575,18101.59329248091
3576,18101.59329248091
3577,18101.59329248091
3578,18101.59329248091
3579,18115.849342829315
3580,18130.10539317772
3581,18144.361443526126
3582,18154.39819004661
3583,18164.434936567093
3584,18174.471683087577
3585,18174.471683087577
3586,18174.471683087577
3587,18174.471683087577
3588,18174.471683087577
3589,18174.471683087577
3590,18174.471683087577
3591,18180.0308456977
3592,18185.590008307823
3593,18191.149170917946
3594,18191.149170917946
3595,18191.149170917946
3596,18191.149170917946
3597,18191.149170917946
3598,18191.149170917946
