Time,Global accumulated stop Delay
0,0.0
1,0.0
2,0.0
3,0.0
4,0.0
5,0.0
6,0.0
7,0.0
8,0.0
9,0.0
10,0.0
11,0.0
12,0.0
13,0.0
14,0.0
15,0.0
16,0.0
17,0.0
18,0.0
19,0.0
20,0.0
21,0.0
22,0.0
23,0.0
24,0.0
25,0.0
26,0.0
27,0.0
28,0.0
29,0.0
30,0.0
31,0.0
32,0.0
33,0.0
34,0.0
35,0.0
36,0.0
37,0.0
38,0.0
39,0.0
40,0.0
41,0.0
42,0.0
43,0.0
44,0.0
45,0.0
46,0.0
47,0.0
48,0.0
49,0.0
50,0.0
51,0.0
52,0.0
53,0.0
54,0.0
55,0.0
56,0.0
57,1.8161047772540946
58,3.632209554508189
59,5.448314331762283
60,9.006532717558457
61,12.56475110335463
62,16.122969489150805
63,22.122969489150805
64,28.122969489150805
65,34.122969489150805
66,38.92696183605288
67,43.73095418295496
68,48.53494652985704
69,56.98320802371065
70,65.43146951756427
71,73.87973101141787
72,82.87973101141787
73,91.87973101141787
74,100.87973101141787
75,105.87973101141787
76,110.87973101141787
77,115.87973101141787
78,118.87973101141787
79,121.87973101141787
80,124.87973101141787
81,130.4219464633773
82,135.96416191533672
83,141.50637736729612
84,149.50637736729612
85,157.50637736729612
86,165.50637736729612
87,174.4756675248796
88,183.4449576824631
89,192.41424784004658
90,206.23169492723315
91,220.04914201441971
92,233.86658910160628
93,249.9848574223819
94,266.10312574315753
95,282.22139406393313
96,292.22139406393313
97,302.22139406393313
98,312.22139406393313
99,321.8330795982565
100,331.4447651325799
101,341.0564506669033
102,353.391416219264
103,365.7263817716247
104,378.0613473239854
105,392.0613473239854
106,406.0613473239854
107,420.0613473239854
108,432.0613473239854
109,444.0613473239854
110,456.0613473239854
111,468.0613473239854
112,480.0613473239854
113,492.0613473239854
114,503.44285737588507
115,514.8243674277848
116,526.2058774796844
117,533.278952899212
118,540.3520283187395
119,547.425103738267
120,556.425103738267
121,565.425103738267
122,574.425103738267
123,584.772742132583
124,595.1203805268989
125,605.4680189212148
126,617.4680189212148
127,629.4680189212148
128,641.4680189212148
129,655.9754343060534
130,670.4828496908921
131,684.9902650757307
132,696.9902650757307
133,708.9902650757307
134,720.9902650757307
135,731.6986239432313
136,742.4069828107318
137,753.1153416782324
138,768.0417167748541
139,782.9680918714757
140,797.8944669680974
141,812.0262302429836
142,826.1579935178698
143,840.2897567927561
144,850.9360151338855
145,861.5822734750149
146,872.2285318161443
147,884.2285318161443
148,896.2285318161443
149,908.2285318161443
150,923.3735169076256
151,938.5185019991069
152,953.6634870905882
153,960.6634870905882
154,967.6634870905882
155,974.6634870905882
156,977.6634870905882
157,980.6634870905882
158,983.6634870905882
159,988.2049992734045
160,992.7465114562208
161,997.2880236390371
162,1002.774515453015
163,1008.261007266993
164,1013.747499080971
165,1020.2014268769462
166,1026.6553546729215
167,1033.1092824688967
168,1039.3126069167422
169,1045.5159313645877
170,1051.7192558124332
171,1060.7192558124332
172,1069.7192558124332
173,1078.7192558124332
174,1087.7192558124332
175,1096.7192558124332
176,1105.7192558124332
177,1114.7192558124332
178,1123.7192558124332
179,1132.7192558124332
180,1138.7192558124332
181,1144.7192558124332
182,1150.7192558124332
183,1157.8629622834399
184,1165.0066687544465
185,1172.1503752254532
186,1183.6991954390014
187,1195.2480156525496
188,1206.7968358660978
189,1221.4988591053623
190,1236.2008823446267
191,1250.9029055838912
192,1262.9029055838912
193,1274.9029055838912
194,1286.9029055838912
195,1303.732038936461
196,1320.561172289031
197,1337.390305641601
198,1355.390305641601
199,1373.390305641601
200,1391.390305641601
201,1399.3319006152922
202,1407.2734955889835
203,1415.2150905626747
204,1424.2150905626747
205,1433.2150905626747
206,1442.2150905626747
207,1453.6358251066638
208,1465.0565596506528
209,1476.477294194642
210,1490.9897061407264
211,1505.502118086811
212,1520.0145300328954
213,1535.0145300328954
214,1550.0145300328954
215,1565.0145300328954
216,1572.0145300328954
217,1579.0145300328954
218,1586.0145300328954
219,1589.0145300328954
220,1592.0145300328954
221,1595.0145300328954
222,1598.0145300328954
223,1601.0145300328954
224,1604.0145300328954
225,1607.054979003258
226,1610.0954279736206
227,1613.1358769439832
228,1621.457810208158
229,1629.7797434723327
230,1638.1016767365074
231,1649.1519878612999
232,1660.2022989860923
233,1671.2526101108847
234,1677.2526101108847
235,1683.2526101108847
236,1689.2526101108847
237,1695.2526101108847
238,1701.2526101108847
239,1707.2526101108847
240,1716.0090485423518
241,1724.765486973819
242,1733.521925405286
243,1739.521925405286
244,1745.521925405286
245,1751.521925405286
246,1754.521925405286
247,1757.521925405286
248,1760.521925405286
249,1766.3710064929064
250,1772.2200875805268
251,1778.069168668147
252,1783.069168668147
253,1788.069168668147
254,1793.069168668147
255,1796.069168668147
256,1799.069168668147
257,1802.069168668147
258,1807.4700265479114
259,1812.8708844276757
260,1818.27174230744
261,1831.4683076190354
262,1844.6648729306307
263,1857.861438242226
264,1865.861438242226
265,1873.861438242226
266,1881.861438242226
267,1887.861438242226
268,1893.861438242226
269,1899.861438242226
270,1906.945437310101
271,1914.0294363779758
272,1921.1134354458507
273,1926.263354396867
274,1931.4132733478834
275,1936.5631922988998
276,1939.5631922988998
277,1942.5631922988998
278,1945.5631922988998
279,1948.5631922988998
280,1951.5631922988998
281,1954.5631922988998
282,1962.3558567342604
283,1970.148521169621
284,1977.9411856049817
285,1982.103972614065
286,1986.2667596231483
287,1990.4295466322317
288,1996.4295466322317
289,2002.4295466322317
290,2008.4295466322317
291,2020.995592692949
292,2033.5616387536663
293,2046.1276848143837
294,2056.1276848143834
295,2066.1276848143834
296,2076.1276848143834
297,2085.1276848143834
298,2094.1276848143834
299,2103.1276848143834
300,2112.1276848143834
301,2121.1276848143834
302,2130.1276848143834
303,2140.439929362891
304,2150.752173911398
305,2161.0644184599055
306,2170.0644184599055
307,2179.0644184599055
308,2188.0644184599055
309,2198.800429154264
310,2209.536439848622
311,2220.2724505429806
312,2231.2724505429806
313,2242.2724505429806
314,2253.2724505429806
315,2262.2724505429806
316,2271.2724505429806
317,2280.2724505429806
318,2289.2724505429806
319,2298.2724505429806
320,2307.2724505429806
321,2316.2724505429806
322,2325.2724505429806
323,2334.2724505429806
324,2339.822178992902
325,2345.3719074428236
326,2350.921635892745
327,2354.898099050827
328,2358.874562208909
329,2362.851025366991
330,2371.759074517738
331,2380.667123668485
332,2389.575172819232
333,2400.266597692546
334,2410.9580225658597
335,2421.6494474391734
336,2435.751894685144
337,2449.854341931115
338,2463.9567891770857
339,2477.1319224104604
340,2490.307055643835
341,2503.48218887721
342,2512.48218887721
343,2521.48218887721
344,2530.48218887721
345,2544.220351177634
346,2557.9585134780577
347,2571.6966757784817
348,2586.6966757784817
349,2601.6966757784817
350,2616.6966757784817
351,2636.4595414481505
352,2656.2224071178193
353,2675.985272787488
354,2700.541167283455
355,2725.0970617794214
356,2749.652956275388
357,2771.5677680549334
358,2793.4825798344787
359,2815.397391614024
360,2830.890147999484
361,2846.3829043849437
362,2861.8756607704036
363,2879.8756607704036
364,2897.8756607704036
365,2915.8756607704036
366,2933.249279159921
367,2950.6228975494387
368,2967.9965159389562
369,2981.15726144767
370,2994.3180069563837
371,3007.4787524650974
372,3024.6297668377024
373,3041.7807812103074
374,3058.9317955829124
375,3081.3148166117517
376,3103.697837640591
377,3126.08085866943
378,3143.4238982965867
379,3160.766937923743
380,3178.1099775508997
381,3194.1099775508997
382,3210.1099775508997
383,3226.1099775508997
384,3244.1099775508997
385,3262.1099775508997
386,3280.1099775508997
387,3296.2331444841116
388,3312.3563114173235
389,3328.4794783505354
390,3338.693233876813
391,3348.9069894030904
392,3359.120744929368
393,3374.120744929368
394,3389.120744929368
395,3404.120744929368
396,3418.442529441446
397,3432.764313953524
398,3447.086098465602
399,3456.991927515446
400,3466.8977565652904
401,3476.8035856151346
402,3488.6861145553703
403,3500.568643495606
404,3512.4511724358417
405,3524.4511724358417
406,3536.4511724358417
407,3548.4511724358417
408,3560.4511724358417
409,3572.4511724358417
410,3584.4511724358417
411,3597.8607587014726
412,3611.2703449671035
413,3624.6799312327344
414,3635.975605738726
415,3647.271280244717
416,3658.5669547507086
417,3664.8879184040634
418,3671.208882057418
419,3677.529845710773
420,3688.8212717569713
421,3700.11269780317
422,3711.4041238493683
423,3721.6780076566024
424,3731.9518914638365
425,3742.2257752710707
426,3748.238566147287
427,3754.2513570235037
428,3760.2641478997202
429,3773.819446074187
430,3787.3747442486538
431,3800.9300424231205
432,3817.80116705774
433,3834.672291692359
434,3851.5434163269783
435,3861.5434163269783
436,3871.5434163269783
437,3881.5434163269783
438,3892.753563545853
439,3903.9637107647277
440,3915.1738579836024
441,3930.1738579836024
442,3945.1738579836024
443,3960.1738579836024
444,3969.1738579836024
445,3978.1738579836024
446,3987.1738579836024
447,3992.2382665160426
448,3997.302675048483
449,4002.367083580923
450,4008.367083580923
451,4014.367083580923
452,4020.367083580923
453,4032.955231190353
454,4045.543378799783
455,4058.131526409213
456,4069.5080394839433
457,4080.8845525586735
458,4092.2610656334036
459,4104.261065633404
460,4116.261065633404
461,4128.261065633404
462,4143.202516403117
463,4158.143967172831
464,4173.085417942545
465,4188.056704714297
466,4203.027991486048
467,4217.9992782578
468,4229.9992782578
469,4241.9992782578
470,4253.9992782578
471,4265.9992782578
472,4277.9992782578
473,4289.9992782578
474,4299.7119707704815
475,4309.424663283163
476,4319.137355795844
477,4325.137355795844
478,4331.137355795844
479,4337.137355795844
480,4343.137355795844
481,4349.137355795844
482,4355.137355795844
483,4359.137355795844
484,4363.137355795844
485,4367.137355795844
486,4367.137355795844
487,4367.137355795844
488,4367.137355795844
489,4368.300472291368
490,4369.463588786893
491,4370.626705282417
492,4373.626705282417
493,4376.626705282417
494,4379.626705282417
495,4379.626705282417
496,4379.626705282417
497,4379.626705282417
498,4379.626705282417
499,4379.626705282417
500,4379.626705282417
501,4379.626705282417
502,4379.626705282417
503,4379.626705282417
504,4380.422700096546
505,4381.2186949106745
506,4382.014689724803
507,4387.172095031874
508,4392.329500338945
509,4397.486905646016
510,4403.486905646016
511,4409.486905646016
512,4415.486905646016
513,4422.255382768305
514,4429.023859890594
515,4435.792337012884
516,4444.792337012884
517,4453.792337012884
518,4462.792337012884
519,4465.792337012884
520,4468.792337012884
521,4471.792337012884
522,4474.792337012884
523,4477.792337012884
524,4480.792337012884
525,4486.859892545852
526,4492.92744807882
527,4498.995003611788
528,4506.289612612013
529,4513.584221612238
530,4520.878830612463
531,4529.878830612463
532,4538.878830612463
533,4547.878830612463
534,4556.878830612463
535,4565.878830612463
536,4574.878830612463
537,4582.399593401578
538,4589.920356190693
539,4597.441118979808
540,4603.441118979808
541,4609.441118979808
542,4615.441118979808
543,4623.994508787268
544,4632.547898594728
545,4641.101288402188
546,4652.496739592839
547,4663.892190783489
548,4675.28764197414
549,4684.28764197414
550,4693.28764197414
551,4702.28764197414
552,4711.644673626409
553,4721.001705278678
554,4730.358736930947
555,4742.358736930947
556,4754.358736930947
557,4766.358736930947
558,4775.949024183327
559,4785.5393114357075
560,4795.129598688088
561,4804.129598688088
562,4813.129598688088
563,4822.129598688088
564,4831.129598688088
565,4840.129598688088
566,4849.129598688088
567,4858.577191880239
568,4868.024785072391
569,4877.472378264542
570,4882.309915500722
571,4887.147452736902
572,4891.984989973082
573,4898.832008139239
574,4905.679026305397
575,4912.526044471555
576,4921.526044471555
577,4930.526044471555
578,4939.526044471555
579,4945.526044471555
580,4951.526044471555
581,4957.526044471555
582,4965.7778234094085
583,4974.029602347262
584,4982.2813812851155
585,4993.38440156085
586,5004.487421836585
587,5015.59044211232
588,5025.893905626323
589,5036.197369140327
590,5046.500832654331
591,5055.506106081191
592,5064.5113795080515
593,5073.516652934912
594,5088.185345394735
595,5102.854037854559
596,5117.522730314382
597,5132.901322109085
598,5148.279913903789
599,5163.658505698492
600,5175.658505698492
601,5187.658505698492
602,5199.658505698492
603,5213.808059738316
604,5227.95761377814
605,5242.107167817963
606,5258.297929293468
607,5274.488690768972
608,5290.679452244477
609,5300.679452244477
610,5310.679452244477
611,5320.679452244477
612,5330.406794376257
613,5340.134136508036
614,5349.861478639816
615,5361.861478639816
616,5373.861478639816
617,5385.861478639816
618,5393.861478639816
619,5401.861478639816
620,5409.861478639816
621,5416.687688453782
622,5423.513898267749
623,5430.340108081716
624,5440.78535628044
625,5451.230604479165
626,5461.675852677889
627,5473.809195827981
628,5485.942538978073
629,5498.075882128164
630,5507.075882128164
631,5516.075882128164
632,5525.075882128164
633,5534.075882128164
634,5543.075882128164
635,5552.075882128164
636,5561.075882128164
637,5570.075882128164
638,5579.075882128164
639,5580.075882128164
640,5581.075882128164
641,5582.075882128164
642,5582.5630849375675
643,5583.050287746971
644,5583.537490556374
645,5588.368642779303
646,5593.199795002231
647,5598.03094722516
648,5602.359284565953
649,5606.687621906746
650,5611.015959247539
651,5614.939533413865
652,5618.863107580191
653,5622.786681746517
654,5628.786681746517
655,5634.786681746517
656,5640.786681746517
657,5645.786681746517
658,5650.786681746517
659,5655.786681746517
660,5658.786681746517
661,5661.786681746517
662,5664.786681746517
663,5670.418430400062
664,5676.050179053606
665,5681.681927707151
666,5694.402498600391
667,5707.12306949363
668,5719.84364038687
669,5729.28687565451
670,5738.730110922151
671,5748.173346189791
672,5760.173346189791
673,5772.173346189791
674,5784.173346189791
675,5796.173346189791
676,5808.173346189791
677,5820.173346189791
678,5827.173346189791
679,5834.173346189791
680,5841.173346189791
681,5841.173346189791
682,5841.173346189791
683,5841.173346189791
684,5843.153355955405
685,5845.133365721018
686,5847.113375486631
687,5850.113375486631
688,5853.113375486631
689,5856.113375486631
690,5865.27013673593
691,5874.426897985228
692,5883.583659234526
693,5898.583659234526
694,5913.583659234526
695,5928.583659234526
696,5937.583659234526
697,5946.583659234526
698,5955.583659234526
699,5967.915459460884
700,5980.247259687243
701,5992.579059913602
702,6009.3199847403885
703,6026.060909567175
704,6042.801834393962
705,6060.198919548501
706,6077.59600470304
707,6094.993089857579
708,6106.993089857579
709,6118.993089857579
710,6130.993089857579
711,6145.056376822064
712,6159.119663786548
713,6173.182950751032
714,6190.446898880891
715,6207.7108470107505
716,6224.97479514061
717,6232.560767406564
718,6240.146739672518
719,6247.732711938473
720,6258.93818964559
721,6270.143667352707
722,6281.349145059824
723,6306.149370445875
724,6330.949595831927
725,6355.749821217978
726,6374.646937219766
727,6393.544053221554
728,6412.4411692233425
729,6427.4411692233425
730,6442.4411692233425
731,6457.4411692233425
732,6472.4411692233425
733,6487.4411692233425
734,6502.4411692233425
735,6517.4411692233425
736,6532.4411692233425
737,6547.4411692233425
738,6562.4411692233425
739,6577.4411692233425
740,6592.4411692233425
741,6608.31283316208
742,6624.184497100818
743,6640.056161039555
744,6646.67488446704
745,6653.293607894525
746,6659.91233132201
747,6665.91233132201
748,6671.91233132201
749,6677.91233132201
750,6685.230441685499
751,6692.548552048987
752,6699.866662412476
753,6714.708726300901
754,6729.550790189325
755,6744.39285407775
756,6764.342711933721
757,6784.292569789693
758,6804.242427645664
759,6819.242427645664
760,6834.242427645664
761,6849.242427645664
762,6860.765186666253
763,6872.287945686841
764,6883.81070470743
765,6902.465411202439
766,6921.120117697448
767,6939.774824192457
768,6963.504207841563
769,6987.233591490668
770,7010.962975139773
771,7026.962975139773
772,7042.962975139773
773,7058.962975139773
774,7076.8218211235235
775,7094.680667107274
776,7112.539513091024
777,7136.539513091024
778,7160.539513091024
779,7184.539513091024
780,7200.539513091024
781,7216.539513091024
782,7232.539513091024
783,7247.539513091024
784,7262.539513091024
785,7277.539513091024
786,7297.508770183966
787,7317.478027276908
788,7337.4472843698495
789,7356.89879389205
790,7376.35030341425
791,7395.801812936451
792,7416.801812936451
793,7437.801812936451
794,7458.801812936451
795,7482.958905301808
796,7507.115997667165
797,7531.273090032522
798,7560.273090032522
799,7589.273090032522
800,7618.273090032522
801,7646.184635903394
802,7674.096181774266
803,7702.007727645138
804,7736.736648628123
805,7771.465569611107
806,7806.194490594091
807,7842.194490594091
808,7878.194490594091
809,7914.194490594091
810,7947.0988031556235
811,7980.003115717156
812,8012.907428278689
813,8037.907428278689
814,8062.907428278689
815,8087.907428278689
816,8113.024728215058
817,8138.1420281514265
818,8163.259328087795
819,8187.621603170116
820,8211.983878252437
821,8236.346153334758
822,8252.907186838236
823,8269.468220341714
824,8286.029253845192
825,8304.029253845192
826,8322.029253845192
827,8340.029253845192
828,8356.014595003082
829,8371.999936160972
830,8387.985277318861
831,8391.04073320181
832,8394.096189084757
833,8397.151644967706
834,8403.151644967706
835,8409.151644967706
836,8415.151644967706
837,8423.95262876388
838,8432.753612560055
839,8441.554596356229
840,8450.554596356229
841,8459.554596356229
842,8468.554596356229
843,8478.554596356229
844,8488.554596356229
845,8498.554596356229
846,8508.999553460599
847,8519.444510564968
848,8529.889467669338
849,8537.168299553014
850,8544.44713143669
851,8551.725963320365
852,8565.355963421305
853,8578.985963522246
854,8592.615963623186
855,8610.363960930703
856,8628.11195823822
857,8645.859955545737
858,8662.398622478851
859,8678.937289411966
860,8695.47595634508
861,8713.47595634508
862,8731.47595634508
863,8749.47595634508
864,8767.47595634508
865,8785.47595634508
866,8803.47595634508
867,8821.47595634508
868,8839.47595634508
869,8857.47595634508
870,8876.29764003213
871,8895.119323719178
872,8913.941007406227
873,8929.518511677168
874,8945.09601594811
875,8960.67352021905
876,8971.410677338223
877,8982.147834457395
878,8992.884991576568
879,9008.283899628068
880,9023.682807679568
881,9039.081715731068
882,9055.081715731068
883,9071.081715731068
884,9087.081715731068
885,9097.308967669038
886,9107.536219607007
887,9117.763471544977
888,9134.601639177059
889,9151.439806809141
890,9168.277974441224
891,9191.654927233
892,9215.031880024775
893,9238.40883281655
894,9251.40883281655
895,9264.40883281655
896,9277.40883281655
897,9285.158689741997
898,9292.908546667442
899,9300.658403592888
900,9311.331037830229
901,9322.003672067569
902,9332.67630630491
903,9346.539171783284
904,9360.40203726166
905,9374.264902740035
906,9389.264902740035
907,9404.264902740035
908,9419.264902740035
909,9433.264902740035
910,9447.264902740035
911,9461.264902740035
912,9470.264902740035
913,9479.264902740035
914,9488.264902740035
915,9497.264902740035
916,9506.264902740035
917,9515.264902740035
918,9525.232445175907
919,9535.199987611779
920,9545.16753004765
921,9557.16753004765
922,9569.16753004765
923,9581.16753004765
924,9593.16753004765
925,9605.16753004765
926,9617.16753004765
927,9624.16753004765
928,9631.16753004765
929,9638.16753004765
930,9643.350350035433
931,9648.533170023215
932,9653.715990010996
933,9663.960743164173
934,9674.205496317349
935,9684.450249470525
936,9700.11906339053
937,9715.787877310535
938,9731.45669123054
939,9740.45669123054
940,9749.45669123054
941,9758.45669123054
942,9767.45669123054
943,9776.45669123054
944,9785.45669123054
945,9794.45669123054
946,9803.45669123054
947,9812.45669123054
948,9822.569551516173
949,9832.682411801807
950,9842.79527208744
951,9854.973264264641
952,9867.151256441843
953,9879.329248619044
954,9891.329248619044
955,9903.329248619044
956,9915.329248619044
957,9924.329248619044
958,9933.329248619044
959,9942.329248619044
960,9952.350826661814
961,9962.372404704583
962,9972.393982747353
963,9987.926289511437
964,10003.45859627552
965,10018.990903039605
966,10030.990903039605
967,10042.990903039605
968,10054.990903039605
969,10066.990903039605
970,10078.990903039605
971,10090.990903039605
972,10104.990903039605
973,10118.990903039605
974,10132.990903039605
975,10147.990903039605
976,10162.990903039605
977,10177.990903039605
978,10197.051038036214
979,10216.111173032823
980,10235.171308029432
981,10253.171308029432
982,10271.171308029432
983,10289.171308029432
984,10299.198711924966
985,10309.2261158205
986,10319.253519716034
987,10331.253519716034
988,10343.253519716034
989,10355.253519716034
990,10368.969216023357
991,10382.68491233068
992,10396.400608638003
993,10401.953128853564
994,10407.505649069124
995,10413.058169284684
996,10422.058169284684
997,10431.058169284684
998,10440.058169284684
999,10449.058169284684
1000,10458.058169284684
1001,10467.058169284684
1002,10477.813776524274
1003,10488.569383763863
1004,10499.324991003452
1005,10511.324991003452
1006,10523.324991003452
1007,10535.324991003452
1008,10542.324991003452
1009,10549.324991003452
1010,10556.324991003452
1011,10556.324991003452
1012,10556.324991003452
1013,10556.324991003452
1014,10556.57233939919
1015,10556.819687794929
1016,10557.067036190667
1017,10563.067036190667
1018,10569.067036190667
1019,10575.067036190667
1020,10581.067036190667
1021,10587.067036190667
1022,10593.067036190667
1023,10600.459680222248
1024,10607.852324253829
1025,10615.24496828541
1026,10621.793799405732
1027,10628.342630526055
1028,10634.891461646377
1029,10644.332160342436
1030,10653.772859038494
1031,10663.213557734553
1032,10679.680402100017
1033,10696.147246465482
1034,10712.614090830946
1035,10724.614090830946
1036,10736.614090830946
1037,10748.614090830946
1038,10760.365111358476
1039,10772.116131886007
1040,10783.867152413537
1041,10797.099590341631
1042,10810.332028269726
1043,10823.56446619782
1044,10835.62438841492
1045,10847.684310632021
1046,10859.744232849122
1047,10865.744232849122
1048,10871.744232849122
1049,10877.744232849122
1050,10886.235714612925
1051,10894.727196376729
1052,10903.218678140533
1053,10913.27289688171
1054,10923.327115622888
1055,10933.381334364065
1056,10939.381334364065
1057,10945.381334364065
1058,10951.381334364065
1059,10958.273131178825
1060,10965.164927993585
1061,10972.056724808344
1062,10981.056724808344
1063,10990.056724808344
1064,10999.056724808344
1065,11005.819398895534
1066,11012.582072982723
1067,11019.344747069912
1068,11024.480995991898
1069,11029.617244913885
1070,11034.753493835871
1071,11040.753493835871
1072,11046.753493835871
1073,11052.753493835871
1074,11057.753493835871
1075,11062.753493835871
1076,11067.753493835871
1077,11070.753493835871
1078,11073.753493835871
1079,11076.753493835871
1080,11080.33796384797
1081,11083.922433860067
1082,11087.506903872165
1083,11093.506903872165
1084,11099.506903872165
1085,11105.506903872165
1086,11109.652647757333
1087,11113.798391642502
1088,11117.94413552767
1089,11124.226671558527
1090,11130.509207589383
1091,11136.791743620239
1092,11150.778310620757
1093,11164.764877621275
1094,11178.751444621794
1095,11190.751444621794
1096,11202.751444621794
1097,11214.751444621794
1098,11224.135463742534
1099,11233.519482863274
1100,11242.903501984014
1101,11254.903501984014
1102,11266.903501984014
1103,11278.903501984014
1104,11289.81611582409
1105,11300.728729664164
1106,11311.64134350424
1107,11311.64134350424
1108,11311.64134350424
1109,11311.64134350424
1110,11311.64134350424
1111,11311.64134350424
1112,11311.64134350424
1113,11313.155916538739
1114,11314.670489573238
1115,11316.185062607738
1116,11319.185062607738
1117,11322.185062607738
1118,11325.185062607738
1119,11329.84604191547
1120,11334.507021223204
1121,11339.168000530937
1122,11343.615064742713
1123,11348.062128954489
1124,11352.509193166265
1125,11367.744277327376
1126,11382.979361488487
1127,11398.214445649599
1128,11421.325286406915
1129,11444.43612716423
1130,11467.546967921546
1131,11488.546967921546
1132,11509.546967921546
1133,11530.546967921546
1134,11539.546967921546
1135,11548.546967921546
1136,11557.546967921546
1137,11568.825117588978
1138,11580.10326725641
1139,11591.381416923843
1140,11603.381416923843
1141,11615.381416923843
1142,11627.381416923843
1143,11639.381416923843
1144,11651.381416923843
1145,11663.381416923843
1146,11678.988044000193
1147,11694.594671076542
1148,11710.201298152891
1149,11725.29814724242
1150,11740.394996331948
1151,11755.491845421477
1152,11767.491845421477
1153,11779.491845421477
1154,11791.491845421477
1155,11805.729113960811
1156,11819.966382500146
1157,11834.203651039481
1158,11849.91803039003
1159,11865.63240974058
1160,11881.346789091129
1161,11887.749636158575
1162,11894.15248322602
1163,11900.555330293466
1164,11906.555330293466
1165,11912.555330293466
1166,11918.555330293466
1167,11924.555330293466
1168,11930.555330293466
1169,11936.555330293466
1170,11942.555330293466
1171,11948.555330293466
1172,11954.555330293466
1173,11960.689167689066
1174,11966.823005084667
1175,11972.956842480267
1176,11977.956842480267
1177,11982.956842480267
1178,11987.956842480267
1179,11993.068137104166
1180,11998.179431728066
1181,12003.290726351965
1182,12010.586308961581
1183,12017.881891571198
1184,12025.177474180815
1185,12035.601866071103
1186,12046.026257961392
1187,12056.45064985168
1188,12068.502317885463
1189,12080.553985919245
1190,12092.605653953027
1191,12107.605653953027
1192,12122.605653953027
1193,12137.605653953027
1194,12147.454012941489
1195,12157.30237192995
1196,12167.150730918413
1197,12181.722346394343
1198,12196.293961870273
1199,12210.865577346203
1200,12231.865577346203
1201,12252.865577346203
1202,12273.865577346203
1203,12289.865577346203
1204,12305.865577346203
1205,12321.865577346203
1206,12336.532425111658
1207,12351.199272877113
1208,12365.866120642568
1209,12380.866120642568
1210,12395.866120642568
1211,12410.866120642568
1212,12424.866120642568
1213,12438.866120642568
1214,12452.866120642568
1215,12461.866120642568
1216,12470.866120642568
1217,12479.866120642568
1218,12488.866120642568
1219,12497.866120642568
1220,12506.866120642568
1221,12516.585375771105
1222,12526.304630899642
1223,12536.023886028179
1224,12549.219376531428
1225,12562.414867034677
1226,12575.610357537926
1227,12590.610357537926
1228,12605.610357537926
1229,12620.610357537926
1230,12633.6656736792
1231,12646.720989820473
1232,12659.776305961746
1233,12665.094327714663
1234,12670.41234946758
1235,12675.730371220498
1236,12681.730371220498
1237,12687.730371220498
1238,12693.730371220498
1239,12699.730371220498
1240,12705.730371220498
1241,12711.730371220498
1242,12717.730371220498
1243,12723.730371220498
1244,12729.730371220498
1245,12738.439091812616
1246,12747.147812404733
1247,12755.856532996851
1248,12759.097785839804
1249,12762.339038682756
1250,12765.580291525708
1251,12771.580291525708
1252,12777.580291525708
1253,12783.580291525708
1254,12792.037884942343
1255,12800.495478358978
1256,12808.953071775613
1257,12813.953071775613
1258,12818.953071775613
1259,12823.953071775613
1260,12826.953071775613
1261,12829.953071775613
1262,12832.953071775613
1263,12838.345418866718
1264,12843.737765957823
1265,12849.130113048928
1266,12856.130113048928
1267,12863.130113048928
1268,12870.130113048928
1269,12873.130113048928
1270,12876.130113048928
1271,12879.130113048928
1272,12882.130113048928
1273,12885.130113048928
1274,12888.130113048928
1275,12893.31311835149
1276,12898.496123654053
1277,12903.679128956615
1278,12907.314857017318
1279,12910.95058507802
1280,12914.586313138723
1281,12922.437894369152
1282,12930.28947559958
1283,12938.141056830009
1284,12960.769866224637
1285,12983.398675619264
1286,13006.027485013892
1287,13029.076374620212
1288,13052.125264226532
1289,13075.174153832852
1290,13090.174153832852
1291,13105.174153832852
1292,13120.174153832852
1293,13132.174153832852
1294,13144.174153832852
1295,13156.174153832852
1296,13168.174153832852
1297,13180.174153832852
1298,13192.174153832852
1299,13204.174153832852
1300,13216.174153832852
1301,13228.174153832852
1302,13240.174153832852
1303,13252.174153832852
1304,13264.174153832852
1305,13271.174153832852
1306,13278.174153832852
1307,13285.174153832852
1308,13291.593269852297
1309,13298.012385871743
1310,13304.43150189119
1311,13314.181599613701
1312,13323.931697336213
1313,13333.681795058725
1314,13345.459732322373
1315,13357.237669586022
1316,13369.01560684967
1317,13378.692657633703
1318,13388.369708417735
1319,13398.046759201767
1320,13411.360694019573
1321,13424.67462883738
1322,13437.988563655186
1323,13457.548791698087
1324,13477.109019740989
1325,13496.66924778389
1326,13512.66924778389
1327,13528.66924778389
1328,13544.66924778389
1329,13560.470048709567
1330,13576.270849635244
1331,13592.071650560922
1332,13616.16318223469
1333,13640.254713908458
1334,13664.346245582226
1335,13682.346245582226
1336,13700.346245582226
1337,13718.346245582226
1338,13733.689357840216
1339,13749.032470098206
1340,13764.375582356195
1341,13782.375582356195
1342,13800.375582356195
1343,13818.375582356195
1344,13828.375582356195
1345,13838.375582356195
1346,13848.375582356195
1347,13851.375582356195
1348,13854.375582356195
1349,13857.375582356195
1350,13860.375582356195
1351,13863.375582356195
1352,13866.375582356195
1353,13869.021361508898
1354,13871.6671406616
1355,13874.312919814303
1356,13879.967032279628
1357,13885.621144744953
1358,13891.275257210278
1359,13901.455961210317
1360,13911.636665210355
1361,13921.817369210394
1362,13940.635566582705
1363,13959.453763955016
1364,13978.271961327328
1365,13988.271961327328
1366,13998.271961327328
1367,14008.271961327328
1368,14022.123121537637
1369,14035.974281747947
1370,14049.825441958257
1371,14064.825441958257
1372,14079.825441958257
1373,14094.825441958257
1374,14105.721433427772
1375,14116.617424897287
1376,14127.513416366803
1377,14136.319866987924
1378,14145.126317609045
1379,14153.932768230166
1380,14166.923283276654
1381,14179.913798323141
1382,14192.904313369629
1383,14208.64919510192
1384,14224.39407683421
1385,14240.138958566502
1386,14246.298274404775
1387,14252.457590243048
1388,14258.61690608132
1389,14267.61690608132
1390,14276.61690608132
1391,14285.61690608132
1392,14297.017867622233
1393,14308.418829163145
1394,14319.819790704058
1395,14334.279359828526
1396,14348.738928952995
1397,14363.198498077463
1398,14380.751548555414
1399,14398.304599033365
1400,14415.857649511316
1401,14430.857649511316
1402,14445.857649511316
1403,14460.857649511316
1404,14470.96036341937
1405,14481.063077327424
1406,14491.165791235479
1407,14503.165791235479
1408,14515.165791235479
1409,14527.165791235479
1410,14538.165791235479
1411,14549.165791235479
1412,14560.165791235479
1413,14563.165791235479
1414,14566.165791235479
1415,14569.165791235479
1416,14569.165791235479
1417,14569.165791235479
1418,14569.165791235479
1419,14569.165791235479
1420,14569.165791235479
1421,14569.165791235479
1422,14569.165791235479
1423,14569.165791235479
1424,14569.165791235479
1425,14570.711600460974
1426,14572.25740968647
1427,14573.803218911966
1428,14574.803218911966
1429,14575.803218911966
1430,14576.803218911966
1431,14577.662695302562
1432,14578.52217169316
1433,14579.381648083756
1434,14582.381648083756
1435,14585.381648083756
1436,14588.381648083756
1437,14590.381648083756
1438,14592.381648083756
1439,14594.381648083756
1440,14595.934884187129
1441,14597.488120290502
1442,14599.041356393875
1443,14605.26861631827
1444,14611.495876242665
1445,14617.72313616706
1446,14626.72313616706
1447,14635.72313616706
1448,14644.72313616706
1449,14647.72313616706
1450,14650.72313616706
1451,14653.72313616706
1452,14654.87140204907
1453,14656.01966793108
1454,14657.167933813089
1455,14662.764174406928
1456,14668.360415000767
1457,14673.956655594606
1458,14677.376581576123
1459,14680.796507557641
1460,14684.216433539159
1461,14684.216433539159
1462,14684.216433539159
1463,14684.216433539159
1464,14684.216433539159
1465,14684.216433539159
1466,14684.216433539159
1467,14685.359100267624
1468,14686.501766996089
1469,14687.644433724554
1470,14691.08386711042
1471,14694.523300496285
1472,14697.96273388215
1473,14706.96273388215
1474,14715.96273388215
1475,14724.96273388215
1476,14733.96273388215
1477,14742.96273388215
1478,14751.96273388215
1479,14760.51270154036
1480,14769.062669198569
1481,14777.612636856778
1482,14790.326526957713
1483,14803.040417058648
1484,14815.754307159583
1485,14833.754307159583
1486,14851.754307159583
1487,14869.754307159583
1488,14880.915572292288
1489,14892.076837424993
1490,14903.238102557698
1491,14907.118834809668
1492,14910.999567061637
1493,14914.880299313607
1494,14917.880299313607
1495,14920.880299313607
1496,14923.880299313607
1497,14926.880299313607
1498,14929.880299313607
1499,14932.880299313607
1500,14935.880299313607
1501,14938.880299313607
1502,14941.880299313607
1503,14945.370406918308
1504,14948.860514523009
1505,14952.35062212771
1506,14958.35062212771
1507,14964.35062212771
1508,14970.35062212771
1509,14976.35062212771
1510,14982.35062212771
1511,14988.35062212771
1512,14994.35062212771
1513,15000.35062212771
1514,15006.35062212771
1515,15012.35062212771
1516,15018.35062212771
1517,15024.35062212771
1518,15030.588221909611
1519,15036.825821691513
1520,15043.063421473415
1521,15051.561822799611
1522,15060.060224125808
1523,15068.558625452004
1524,15086.0384848184
1525,15103.518344184797
1526,15120.998203551193
1527,15138.998203551193
1528,15156.998203551193
1529,15174.998203551193
1530,15182.998203551193
1531,15190.998203551193
1532,15198.998203551193
1533,15204.998203551193
1534,15210.998203551193
1535,15216.998203551193
1536,15227.230753932095
1537,15237.463304312998
1538,15247.6958546939
1539,15260.419428265814
1540,15273.143001837727
1541,15285.86657540964
1542,15298.86657540964
1543,15311.86657540964
1544,15324.86657540964
1545,15339.86657540964
1546,15354.86657540964
1547,15369.86657540964
1548,15382.946204375416
1549,15396.025833341191
1550,15409.105462306967
1551,15417.145815602034
1552,15425.186168897102
1553,15433.22652219217
1554,15445.22652219217
1555,15457.22652219217
1556,15469.22652219217
1557,15481.22652219217
1558,15493.22652219217
1559,15505.22652219217
1560,15511.22652219217
1561,15517.22652219217
1562,15523.22652219217
1563,15529.195852563558
1564,15535.165182934947
1565,15541.134513306335
1566,15547.134513306335
1567,15553.134513306335
1568,15559.134513306335
1569,15564.134513306335
1570,15569.134513306335
1571,15574.134513306335
1572,15577.134513306335
1573,15580.134513306335
1574,15583.134513306335
1575,15586.134513306335
1576,15589.134513306335
1577,15592.134513306335
1578,15595.134513306335
1579,15598.134513306335
1580,15601.134513306335
1581,15607.59945173695
1582,15614.064390167567
1583,15620.529328598182
1584,15629.529328598182
1585,15638.529328598182
1586,15647.529328598182
1587,15650.529328598182
1588,15653.529328598182
1589,15656.529328598182
1590,15660.268621901752
1591,15664.007915205322
1592,15667.747208508892
1593,15675.7038400312
1594,15683.660471553507
1595,15691.617103075814
1596,15696.629445468845
1597,15701.641787861876
1598,15706.654130254907
1599,15712.654130254907
1600,15718.654130254907
1601,15724.654130254907
1602,15731.598506787364
1603,15738.542883319822
1604,15745.48725985228
1605,15751.354200097896
1606,15757.221140343512
1607,15763.088080589128
1608,15768.18245013729
1609,15773.276819685452
1610,15778.371189233614
1611,15788.729918605299
1612,15799.088647976983
1613,15809.447377348668
1614,15821.447377348668
1615,15833.447377348668
1616,15845.447377348668
1617,15851.447377348668
1618,15857.447377348668
1619,15863.447377348668
1620,15871.932592616648
1621,15880.417807884627
1622,15888.903023152607
1623,15900.995075743858
1624,15913.08712833511
1625,15925.179180926361
1626,15936.376097840288
1627,15947.573014754214
1628,15958.769931668141
1629,15967.333611304932
1630,15975.897290941723
1631,15984.460970578513
1632,15993.460970578513
1633,16002.460970578513
1634,16011.460970578513
1635,16018.527287049606
1636,16025.5936035207
1637,16032.659919991793
1638,16038.093018259413
1639,16043.526116527033
1640,16048.959214794653
1641,16056.280929936744
1642,16063.602645078834
1643,16070.924360220924
1644,16079.924360220924
1645,16088.924360220924
1646,16097.924360220924
1647,16104.296511625458
1648,16110.668663029992
1649,16117.040814434526
1650,16123.040814434526
1651,16129.040814434526
1652,16135.040814434526
1653,16141.040814434526
1654,16147.040814434526
1655,16153.040814434526
1656,16155.040814434526
1657,16157.040814434526
1658,16159.040814434526
1659,16159.040814434526
1660,16159.040814434526
1661,16159.040814434526
1662,16161.509986165927
1663,16163.979157897329
1664,16166.44832962873
1665,16170.44832962873
1666,16174.44832962873
1667,16178.44832962873
1668,16186.630571604883
1669,16194.812813581035
1670,16202.995055557187
1671,16211.995055557187
1672,16220.995055557187
1673,16229.995055557187
1674,16230.995055557187
1675,16231.995055557187
1676,16232.995055557187
1677,16237.755026030984
1678,16242.51499650478
1679,16247.274966978577
1680,16253.811524192655
1681,16260.348081406733
1682,16266.884638620812
1683,16273.884638620812
1684,16280.884638620812
1685,16287.884638620812
1686,16293.884638620812
1687,16299.884638620812
1688,16305.884638620812
1689,16311.884638620812
1690,16317.884638620812
1691,16323.884638620812
1692,16328.884638620812
1693,16333.884638620812
1694,16338.884638620812
1695,16340.92174743929
1696,16342.958856257768
1697,16344.995965076247
1698,16350.308306677991
1699,16355.620648279735
1700,16360.93298988148
1701,16366.93298988148
1702,16372.93298988148
1703,16378.93298988148
1704,16382.58310171811
1705,16386.23321355474
1706,16389.883325391373
1707,16395.31614853722
1708,16400.748971683064
1709,16406.18179482891
1710,16412.18179482891
1711,16418.18179482891
1712,16424.18179482891
1713,16428.185684541306
1714,16432.1895742537
1715,16436.193463966098
1716,16446.255584535073
1717,16456.317705104047
1718,16466.379825673022
1719,16487.229205879383
1720,16508.078586085743
1721,16528.927966292104
1722,16554.910711285203
1723,16580.893456278303
1724,16606.876201271403
1725,16616.876201271403
1726,16626.876201271403
1727,16636.876201271403
1728,16648.876201271403
1729,16660.876201271403
1730,16672.876201271403
1731,16688.174790230936
1732,16703.47337919047
1733,16718.771968150002
1734,16736.771968150002
1735,16754.771968150002
1736,16772.771968150002
1737,16791.909318463597
1738,16811.04666877719
1739,16830.184019090786
1740,16842.184019090786
1741,16854.184019090786
1742,16866.184019090786
1743,16872.184019090786
1744,16878.184019090786
1745,16884.184019090786
1746,16893.184019090786
1747,16902.184019090786
1748,16911.184019090786
1749,16919.184019090786
1750,16927.184019090786
1751,16935.184019090786
1752,16938.184019090786
1753,16941.184019090786
1754,16944.184019090786
1755,16949.62445934407
1756,16955.064899597357
1757,16960.505339850642
1758,16970.801676915267
1759,16981.098013979892
1760,16991.394351044517
1761,17001.17316665634
1762,17010.95198226816
1763,17020.730797879984
1764,17031.017575366655
1765,17041.304352853327
1766,17051.59113034
1767,17063.59113034
1768,17075.59113034
1769,17087.59113034
1770,17099.595315823193
1771,17111.599501306388
1772,17123.603686789582
1773,17136.219763330188
1774,17148.835839870793
1775,17161.4519164114
1776,17176.4519164114
1777,17191.4519164114
1778,17206.4519164114
1779,17221.847234222958
1780,17237.242552034517
1781,17252.637869846076
1782,17261.637869846076
1783,17270.637869846076
1784,17279.637869846076
1785,17288.637869846076
1786,17297.637869846076
1787,17306.637869846076
1788,17317.21237927237
1789,17327.78688869866
1790,17338.361398124955
1791,17351.838673734266
1792,17365.315949343578
1793,17378.79322495289
1794,17401.054837090218
1795,17423.316449227546
1796,17445.578061364875
1797,17463.578061364875
1798,17481.578061364875
1799,17499.578061364875
1800,17515.21111545497
1801,17530.844169545067
1802,17546.477223635164
1803,17571.57569858521
1804,17596.674173535255
1805,17621.7726484853
1806,17647.630165424805
1807,17673.48768236431
1808,17699.345199303814
1809,17712.345199303814
1810,17725.345199303814
1811,17738.345199303814
1812,17752.09863338081
1813,17765.852067457807
1814,17779.605501534803
1815,17797.056526238128
1816,17814.507550941453
1817,17831.958575644778
1818,17853.958575644778
1819,17875.958575644778
1820,17897.958575644778
1821,17921.958575644778
1822,17945.958575644778
1823,17969.958575644778
1824,17988.084868718724
1825,18006.21116179267
1826,18024.337454866618
1827,18036.337454866618
1828,18048.337454866618
1829,18060.337454866618
1830,18072.337454866618
1831,18084.337454866618
1832,18096.337454866618
1833,18112.999260669018
1834,18129.661066471417
1835,18146.322872273817
1836,18164.322872273817
1837,18182.322872273817
1838,18200.322872273817
1839,18222.79370621297
1840,18245.264540152126
1841,18267.73537409128
1842,18285.73537409128
1843,18303.73537409128
1844,18321.73537409128
1845,18336.73537409128
1846,18351.73537409128
1847,18366.73537409128
1848,18381.953799804105
1849,18397.17222551693
1850,18412.390651229754
1851,18428.97600875155
1852,18445.561366273345
1853,18462.14672379514
1854,18477.14672379514
1855,18492.14672379514
1856,18507.14672379514
1857,18523.37218659533
1858,18539.59764939552
1859,18555.82311219571
1860,18573.27316677038
1861,18590.72322134505
1862,18608.173275919722
1863,18617.29953930683
1864,18626.42580269394
1865,18635.552066081047
1866,18649.317704352477
1867,18663.083342623908
1868,18676.848980895338
1869,18694.833107627346
1870,18712.817234359354
1871,18730.801361091362
1872,18743.194281278484
1873,18755.587201465605
1874,18767.980121652727
1875,18781.551500501744
1876,18795.12287935076
1877,18808.69425819978
1878,18825.037197343405
1879,18841.38013648703
1880,18857.723075630656
1881,18872.14043583452
1882,18886.557796038385
1883,18900.97515624225
1884,18912.8139968527
1885,18924.65283746315
1886,18936.4916780736
1887,18948.4916780736
1888,18960.4916780736
1889,18972.4916780736
1890,18984.586072755155
1891,18996.680467436712
1892,19008.77486211827
1893,19024.16108106247
1894,19039.54730000667
1895,19054.93351895087
1896,19073.612877302978
1897,19092.292235655084
1898,19110.97159400719
1899,19123.97159400719
1900,19136.97159400719
1901,19149.97159400719
1902,19163.11554775376
1903,19176.25950150033
1904,19189.403455246902
1905,19207.12556693166
1906,19224.847678616417
1907,19242.569790301175
1908,19256.617331719193
1909,19270.66487313721
1910,19284.71241455523
1911,19292.458202440845
1912,19300.20399032646
1913,19307.949778212074
1914,19320.66298288543
1915,19333.376187558788
1916,19346.089392232145
1917,19360.92283980298
1918,19375.756287373817
1919,19390.589734944653
1920,19397.589734944653
1921,19404.589734944653
1922,19411.589734944653
1923,19421.908084355604
1924,19432.226433766555
1925,19442.544783177505
1926,19455.427563472895
1927,19468.310343768284
1928,19481.193124063673
1929,19500.40312705783
1930,19519.61313005199
1931,19538.823133046146
1932,19564.72079600899
1933,19590.618458971836
1934,19616.51612193468
1935,19638.51612193468
1936,19660.51612193468
1937,19682.51612193468
1938,19695.51612193468
1939,19708.51612193468
1940,19721.51612193468
1941,19739.72391985437
1942,19757.931717774056
1943,19776.139515693743
1944,19797.139515693743
1945,19818.139515693743
1946,19839.139515693743
1947,19860.139515693743
1948,19881.139515693743
1949,19902.139515693743
1950,19925.35635427566
1951,19948.573192857577
1952,19971.790031439494
1953,19982.209953666417
1954,19992.62987589334
1955,20003.049798120264
1956,20019.974299006455
1957,20036.898799892646
1958,20053.823300778837
1959,20071.823300778837
1960,20089.823300778837
1961,20107.823300778837
1962,20119.823300778837
1963,20131.823300778837
1964,20143.823300778837
1965,20144.823300778837
1966,20145.823300778837
1967,20146.823300778837
1968,20146.823300778837
1969,20146.823300778837
1970,20146.823300778837
1971,20146.823300778837
1972,20146.823300778837
1973,20146.823300778837
1974,20146.909608342252
1975,20146.995915905667
1976,20147.082223469082
1977,20151.13584735987
1978,20155.18947125066
1979,20159.243095141446
1980,20165.243095141446
1981,20171.243095141446
1982,20177.243095141446
1983,20183.243095141446
1984,20189.243095141446
1985,20195.243095141446
1986,20197.647872754467
1987,20200.05265036749
1988,20202.45742798051
1989,20208.087844333197
1990,20213.718260685884
1991,20219.34867703857
1992,20228.80127654553
1993,20238.25387605249
1994,20247.70647555945
1995,20257.70647555945
1996,20267.70647555945
1997,20277.70647555945
1998,20283.754397979676
1999,20289.8023203999
2000,20295.850242820125
2001,20304.850242820125
2002,20313.850242820125
2003,20322.850242820125
2004,20331.850242820125
2005,20340.850242820125
2006,20349.850242820125
2007,20355.05886183022
2008,20360.267480840317
2009,20365.476099850413
2010,20374.865758070868
2011,20384.255416291322
2012,20393.645074511776
2013,20407.45059802444
2014,20421.256121537102
2015,20435.061645049766
2016,20446.695094184983
2017,20458.3285433202
2018,20469.961992455417
2019,20481.961992455417
2020,20493.961992455417
2021,20505.961992455417
2022,20517.961992455417
2023,20529.961992455417
2024,20541.961992455417
2025,20553.07467699043
2026,20564.18736152544
2027,20575.300046060453
2028,20578.300046060453
2029,20581.300046060453
2030,20584.300046060453
2031,20589.673835041485
2032,20595.047624022518
2033,20600.42141300355
2034,20609.42141300355
2035,20618.42141300355
2036,20627.42141300355
2037,20636.42141300355
2038,20645.42141300355
2039,20654.42141300355
2040,20664.152537035825
2041,20673.8836610681
2042,20683.614785100373
2043,20691.47318856021
2044,20699.331592020044
2045,20707.18999547988
2046,20713.632327890733
2047,20720.074660301587
2048,20726.51699271244
2049,20740.10368182534
2050,20753.690370938242
2051,20767.277060051143
2052,20782.438747534303
2053,20797.600435017463
2054,20812.762122500622
2055,20825.137471762708
2056,20837.512821024793
2057,20849.88817028688
2058,20870.565202360893
2059,20891.242234434907
2060,20911.91926650892
2061,20939.229274565958
2062,20966.539282622995
2063,20993.84929068003
2064,21010.030967877636
2065,21026.21264507524
2066,21042.394322272845
2067,21063.394322272845
2068,21084.394322272845
2069,21105.394322272845
2070,21126.394322272845
2071,21147.394322272845
2072,21168.394322272845
2073,21183.394322272845
2074,21198.394322272845
2075,21213.394322272845
2076,21225.12611423897
2077,21236.857906205096
2078,21248.58969817122
2079,21263.58969817122
2080,21278.58969817122
2081,21293.58969817122
2082,21311.03928234772
2083,21328.488866524218
2084,21345.938450700716
2085,21361.938450700716
2086,21377.938450700716
2087,21393.938450700716
2088,21408.938450700716
2089,21423.938450700716
2090,21438.938450700716
2091,21456.602229890625
2092,21474.266009080533
2093,21491.92978827044
2094,21502.006027285697
2095,21512.082266300953
2096,21522.15850531621
2097,21528.15850531621
2098,21534.15850531621
2099,21540.15850531621
2100,21547.99856248188
2101,21555.83861964755
2102,21563.678676813222
2103,21576.23278914908
2104,21588.786901484935
2105,21601.34101382079
2106,21621.380779758863
2107,21641.420545696936
2108,21661.460311635008
2109,21683.460311635008
2110,21705.460311635008
2111,21727.460311635008
2112,21741.550313999676
2113,21755.640316364344
2114,21769.730318729013
2115,21784.824533014667
2116,21799.918747300322
2117,21815.012961585977
2118,21833.012961585977
2119,21851.012961585977
2120,21869.012961585977
2121,21887.012961585977
2122,21905.012961585977
2123,21923.012961585977
2124,21941.012961585977
2125,21959.012961585977
2126,21977.012961585977
2127,21992.012961585977
2128,22007.012961585977
2129,22022.012961585977
2130,22031.012961585977
2131,22040.012961585977
2132,22049.012961585977
2133,22064.784346904093
2134,22080.55573222221
2135,22096.327117540324
2136,22112.327117540324
2137,22128.327117540324
2138,22144.327117540324
2139,22151.327117540324
2140,22158.327117540324
2141,22165.327117540324
2142,22171.327117540324
2143,22177.327117540324
2144,22183.327117540324
2145,22191.338521051726
2146,22199.34992456313
2147,22207.36132807453
2148,22211.36132807453
2149,22215.36132807453
2150,22219.36132807453
2151,22223.613597088093
2152,22227.865866101656
2153,22232.11813511522
2154,22240.675287561615
2155,22249.23244000801
2156,22257.789592454406
2157,22265.87443460047
2158,22273.959276746536
2159,22282.0441188926
2160,22291.266615769906
2161,22300.48911264721
2162,22309.711609524515
2163,22321.711609524515
2164,22333.711609524515
2165,22345.711609524515
2166,22356.365347637508
2167,22367.0190857505
2168,22377.672823863493
2169,22388.672823863493
2170,22399.672823863493
2171,22410.672823863493
2172,22423.672823863493
2173,22436.672823863493
2174,22449.672823863493
2175,22467.83320707092
2176,22485.993590278344
2177,22504.15397348577
2178,22518.445555892198
2179,22532.737138298628
2180,22547.028720705057
2181,22559.028720705057
2182,22571.028720705057
2183,22583.028720705057
2184,22595.028720705057
2185,22607.028720705057
2186,22619.028720705057
2187,22624.297909463814
2188,22629.56709822257
2189,22634.836286981328
2190,22634.836286981328
2191,22634.836286981328
2192,22634.836286981328
2193,22634.836286981328
2194,22634.836286981328
2195,22634.836286981328
2196,22637.680023558212
2197,22640.523760135096
2198,22643.36749671198
2199,22647.625575695052
2200,22651.883654678124
2201,22656.141733661196
2202,22662.141733661196
2203,22668.141733661196
2204,22674.141733661196
2205,22674.609002495825
2206,22675.076271330454
2207,22675.543540165083
2208,22678.543540165083
2209,22681.543540165083
2210,22684.543540165083
2211,22688.690005985984
2212,22692.836471806884
2213,22696.982937627785
2214,22699.982937627785
2215,22702.982937627785
2216,22705.982937627785
2217,22705.982937627785
2218,22705.982937627785
2219,22705.982937627785
2220,22705.982937627785
2221,22705.982937627785
2222,22705.982937627785
2223,22709.64196643827
2224,22713.300995248755
2225,22716.96002405924
2226,22719.96002405924
2227,22722.96002405924
2228,22725.96002405924
2229,22730.882152425755
2230,22735.80428079227
2231,22740.726409158782
2232,22749.136150812305
2233,22757.545892465827
2234,22765.95563411935
2235,22774.95563411935
2236,22783.95563411935
2237,22792.95563411935
2238,22802.350973221903
2239,22811.746312324456
2240,22821.14165142701
2241,22827.14165142701
2242,22833.14165142701
2243,22839.14165142701
2244,22842.14165142701
2245,22845.14165142701
2246,22848.14165142701
2247,22851.14165142701
2248,22854.14165142701
2249,22857.14165142701
2250,22859.451242254134
2251,22861.760833081258
2252,22864.070423908383
2253,22869.702743940383
2254,22875.335063972383
2255,22880.967384004383
2256,22892.342170662647
2257,22903.71695732091
2258,22915.091743979174
2259,22933.04525801516
2260,22950.99877205115
2261,22968.952286087137
2262,22978.952286087137
2263,22988.952286087137
2264,22998.952286087137
2265,23010.030897989738
2266,23021.10950989234
2267,23032.18812179494
2268,23044.18812179494
2269,23056.18812179494
2270,23068.18812179494
2271,23075.18812179494
2272,23082.18812179494
2273,23089.18812179494
2274,23092.18812179494
2275,23095.18812179494
2276,23098.18812179494
2277,23103.82586769883
2278,23109.46361360272
2279,23115.101359506607
2280,23122.38713388203
2281,23129.672908257457
2282,23136.95868263288
2283,23146.593463901685
2284,23156.22824517049
2285,23165.863026439292
2286,23177.863026439292
2287,23189.863026439292
2288,23201.863026439292
2289,23207.863026439292
2290,23213.863026439292
2291,23219.863026439292
2292,23225.863026439292
2293,23231.863026439292
2294,23237.863026439292
2295,23243.863026439292
2296,23249.863026439292
2297,23255.863026439292
2298,23260.480744256718
2299,23265.098462074144
2300,23269.71617989157
2301,23275.71617989157
2302,23281.71617989157
2303,23287.71617989157
2304,23296.42316916536
2305,23305.130158439148
2306,23313.837147712937
2307,23327.23405867978
2308,23340.630969646623
2309,23354.027880613467
2310,23363.027880613467
2311,23372.027880613467
2312,23381.027880613467
2313,23390.027880613467
2314,23399.027880613467
2315,23408.027880613467
2316,23417.544522586784
2317,23427.061164560102
2318,23436.57780653342
2319,23442.57780653342
2320,23448.57780653342
2321,23454.57780653342
2322,23463.19533120645
2323,23471.81285587948
2324,23480.430380552512
2325,23489.430380552512
2326,23498.430380552512
2327,23507.430380552512
2328,23510.430380552512
2329,23513.430380552512
2330,23516.430380552512
2331,23517.770633184336
2332,23519.11088581616
2333,23520.451138447985
2334,23524.566215596118
2335,23528.68129274425
2336,23532.796369892385
2337,23537.796369892385
2338,23542.796369892385
2339,23547.796369892385
2340,23547.796369892385
2341,23547.796369892385
2342,23547.796369892385
2343,23547.796369892385
2344,23547.796369892385
2345,23547.796369892385
2346,23551.48465905417
2347,23555.172948215957
2348,23558.861237377743
2349,23561.861237377743
2350,23564.861237377743
2351,23567.861237377743
2352,23570.861237377743
2353,23573.861237377743
2354,23576.861237377743
2355,23582.600089852353
2356,23588.338942326962
2357,23594.07779480157
2358,23598.07779480157
2359,23602.07779480157
2360,23606.07779480157
2361,23609.07779480157
2362,23612.07779480157
2363,23615.07779480157
2364,23618.07779480157
2365,23621.07779480157
2366,23624.07779480157
2367,23628.453609010292
2368,23632.829423219013
2369,23637.205237427734
2370,23640.205237427734
2371,23643.205237427734
2372,23646.205237427734
2373,23649.205237427734
2374,23652.205237427734
2375,23655.205237427734
2376,23660.62723075112
2377,23666.049224074508
2378,23671.471217397895
2379,23672.471217397895
2380,23673.471217397895
2381,23674.471217397895
2382,23674.471217397895
2383,23674.471217397895
2384,23674.471217397895
2385,23674.471217397895
2386,23674.471217397895
2387,23674.471217397895
2388,23674.471217397895
2389,23674.471217397895
2390,23674.471217397895
2391,23674.471217397895
2392,23674.471217397895
2393,23674.471217397895
2394,23674.471217397895
2395,23674.471217397895
2396,23674.471217397895
2397,23674.94250308466
2398,23675.413788771428
2399,23675.885074458194
2400,23679.681080467406
2401,23683.477086476618
2402,23687.27309248583
2403,23688.106048950478
2404,23688.939005415126
2405,23689.771961879775
2406,23695.718090020437
2407,23701.6642181611
2408,23707.61034630176
2409,23717.71082039772
2410,23727.811294493677
2411,23737.911768589634
2412,23746.934437704287
2413,23755.95710681894
2414,23764.979775933592
2415,23773.979775933592
2416,23782.979775933592
2417,23791.979775933592
2418,23800.979775933592
2419,23809.979775933592
2420,23818.979775933592
2421,23825.979775933592
2422,23832.979775933592
2423,23839.979775933592
2424,23845.076872983405
2425,23850.17397003322
2426,23855.27106708303
2427,23866.592063297572
2428,23877.913059512113
2429,23889.234055726654
2430,23904.234055726654
2431,23919.234055726654
2432,23934.234055726654
2433,23940.234055726654
2434,23946.234055726654
2435,23952.234055726654
2436,23958.234055726654
2437,23964.234055726654
2438,23970.234055726654
2439,23976.234055726654
2440,23982.234055726654
2441,23988.234055726654
2442,23994.11802668102
2443,24000.001997635383
2444,24005.885968589748
2445,24010.088112941077
2446,24014.290257292407
2447,24018.492401643736
2448,24024.492401643736
2449,24030.492401643736
2450,24036.492401643736
2451,24041.55733576942
2452,24046.622269895102
2453,24051.687204020785
2454,24055.86437560757
2455,24060.041547194352
2456,24064.218718781136
2457,24073.407807899363
2458,24082.59689701759
2459,24091.785986135816
2460,24103.785986135816
2461,24115.785986135816
2462,24127.785986135816
2463,24133.785986135816
2464,24139.785986135816
2465,24145.785986135816
2466,24158.25944176653
2467,24170.732897397247
2468,24183.206353027963
2469,24202.629267061053
2470,24222.052181094143
2471,24241.475095127233
2472,24261.190382461933
2473,24280.905669796633
2474,24300.620957131334
2475,24315.620957131334
2476,24330.620957131334
2477,24345.620957131334
2478,24360.620957131334
2479,24375.620957131334
2480,24390.620957131334
2481,24403.620957131334
2482,24416.620957131334
2483,24429.620957131334
2484,24432.620957131334
2485,24435.620957131334
2486,24438.620957131334
2487,24443.743588448895
2488,24448.866219766456
2489,24453.988851084017
2490,24460.63317645731
2491,24467.277501830606
2492,24473.9218272039
2493,24482.9218272039
2494,24491.9218272039
2495,24500.9218272039
2496,24514.340155829144
2497,24527.75848445439
2498,24541.176813079634
2499,24554.240651898996
2500,24567.304490718358
2501,24580.36832953772
2502,24588.567709995623
2503,24596.767090453526
2504,24604.96647091143
2505,24615.27435355312
2506,24625.58223619481
2507,24635.890118836498
2508,24647.890118836498
2509,24659.890118836498
2510,24671.890118836498
2511,24685.78627538178
2512,24699.68243192706
2513,24713.57858847234
2514,24731.57858847234
2515,24749.57858847234
2516,24767.57858847234
2517,24779.417578639597
2518,24791.256568806853
2519,24803.09555897411
2520,24815.652583821608
2521,24828.209608669105
2522,24840.766633516603
2523,24855.766633516603
2524,24870.766633516603
2525,24885.766633516603
2526,24897.297345376785
2527,24908.828057236966
2528,24920.358769097147
2529,24935.227650289
2530,24950.096531480856
2531,24964.96541267271
2532,24982.96541267271
2533,25000.96541267271
2534,25018.96541267271
2535,25036.818847049304
2536,25054.672281425897
2537,25072.52571580249
2538,25079.52571580249
2539,25086.52571580249
2540,25093.52571580249
2541,25103.16430613509
2542,25112.802896467692
2543,25122.441486800293
2544,25134.441486800293
2545,25146.441486800293
2546,25158.441486800293
2547,25173.14133151574
2548,25187.841176231188
2549,25202.541020946635
2550,25220.541020946635
2551,25238.541020946635
2552,25256.541020946635
2553,25269.541020946635
2554,25282.541020946635
2555,25295.541020946635
2556,25304.541020946635
2557,25313.541020946635
2558,25322.541020946635
2559,25333.181441938243
2560,25343.82186292985
2561,25354.462283921457
2562,25367.529721272334
2563,25380.59715862321
2564,25393.66459597409
2565,25402.66459597409
2566,25411.66459597409
2567,25420.66459597409
2568,25429.66459597409
2569,25438.66459597409
2570,25447.66459597409
2571,25457.18393691922
2572,25466.70327786435
2573,25476.222618809483
2574,25483.742901569163
2575,25491.263184328844
2576,25498.783467088524
2577,25508.91198561639
2578,25519.040504144254
2579,25529.16902267212
2580,25542.04998455259
2581,25554.930946433058
2582,25567.811908313528
2583,25577.811908313528
2584,25587.811908313528
2585,25597.811908313528
2586,25605.9169768604
2587,25614.022045407273
2588,25622.127113954146
2589,25631.127113954146
2590,25640.127113954146
2591,25649.127113954146
2592,25657.417629602653
2593,25665.70814525116
2594,25673.998660899666
2595,25673.998660899666
2596,25673.998660899666
2597,25673.998660899666
2598,25676.393829260887
2599,25678.78899762211
2600,25681.18416598333
2601,25691.191300898055
2602,25701.19843581278
2603,25711.205570727507
2604,25715.205570727507
2605,25719.205570727507
2606,25723.205570727507
2607,25728.551226772302
2608,25733.8968828171
2609,25739.242538861894
2610,25745.242538861894
2611,25751.242538861894
2612,25757.242538861894
2613,25763.242538861894
2614,25769.242538861894
2615,25775.242538861894
2616,25783.242538861894
2617,25791.242538861894
2618,25799.242538861894
2619,25807.242538861894
2620,25815.242538861894
2621,25823.242538861894
2622,25826.907031320523
2623,25830.571523779152
2624,25834.23601623778
2625,25843.101531858632
2626,25851.967047479484
2627,25860.832563100335
2628,25872.998697315474
2629,25885.164831530612
2630,25897.33096574575
2631,25912.33096574575
2632,25927.33096574575
2633,25942.33096574575
2634,25961.05604733913
2635,25979.78112893251
2636,25998.50621052589
2637,26016.831187591728
2638,26035.156164657565
2639,26053.4811417234
2640,26065.751472830878
2641,26078.021803938354
2642,26090.29213504583
2643,26110.633627541254
2644,26130.975120036677
2645,26151.3166125321
2646,26168.3166125321
2647,26185.3166125321
2648,26202.3166125321
2649,26208.3166125321
2650,26214.3166125321
2651,26220.3166125321
2652,26226.3166125321
2653,26232.3166125321
2654,26238.3166125321
2655,26246.57349889027
2656,26254.83038524844
2657,26263.087271606608
2658,26275.030753028175
2659,26286.974234449743
2660,26298.91771587131
2661,26313.91771587131
2662,26328.91771587131
2663,26343.91771587131
2664,26355.91771587131
2665,26367.91771587131
2666,26379.91771587131
2667,26391.441900031543
2668,26402.966084191776
2669,26414.49026835201
2670,26426.49026835201
2671,26438.49026835201
2672,26450.49026835201
2673,26462.49026835201
2674,26474.49026835201
2675,26486.49026835201
2676,26499.84106027146
2677,26513.191852190914
2678,26526.542644110366
2679,26546.24278055671
2680,26565.942917003053
2681,26585.643053449396
2682,26601.643053449396
2683,26617.643053449396
2684,26633.643053449396
2685,26649.70473799597
2686,26665.766422542543
2687,26681.828107089117
2688,26702.148983604384
2689,26722.46986011965
2690,26742.790736634917
2691,26758.790736634917
2692,26774.790736634917
2693,26790.790736634917
2694,26800.890095312563
2695,26810.98945399021
2696,26821.088812667855
2697,26835.396684188952
2698,26849.70455571005
2699,26864.012427231148
2700,26887.760624817176
2701,26911.508822403204
2702,26935.257019989233
2703,26950.257019989233
2704,26965.257019989233
2705,26980.257019989233
2706,26995.618166320426
2707,27010.97931265162
2708,27026.340458982813
2709,27044.340458982813
2710,27062.340458982813
2711,27080.340458982813
2712,27087.340458982813
2713,27094.340458982813
2714,27101.340458982813
2715,27109.340458982813
2716,27117.340458982813
2717,27125.340458982813
2718,27136.43494636146
2719,27147.529433740106
2720,27158.623921118753
2721,27172.311802369084
2722,27185.999683619415
2723,27199.687564869746
2724,27206.687564869746
2725,27213.687564869746
2726,27220.687564869746
2727,27227.92146339006
2728,27235.155361910372
2729,27242.389260430686
2730,27252.598556114943
2731,27262.8078517992
2732,27273.017147483457
2733,27288.017147483457
2734,27303.017147483457
2735,27318.017147483457
2736,27333.017147483457
2737,27348.017147483457
2738,27363.017147483457
2739,27369.017147483457
2740,27375.017147483457
2741,27381.017147483457
2742,27389.711683525587
2743,27398.406219567718
2744,27407.10075560985
2745,27420.456766380456
2746,27433.812777151063
2747,27447.16878792167
2748,27458.16878792167
2749,27469.16878792167
2750,27480.16878792167
2751,27489.16878792167
2752,27498.16878792167
2753,27507.16878792167
2754,27516.544988936555
2755,27525.92118995144
2756,27535.297390966327
2757,27547.297390966327
2758,27559.297390966327
2759,27571.297390966327
2760,27583.297390966327
2761,27595.297390966327
2762,27607.297390966327
2763,27622.251928973717
2764,27637.206466981108
2765,27652.1610049885
2766,27662.1610049885
2767,27672.1610049885
2768,27682.1610049885
2769,27691.1610049885
2770,27700.1610049885
2771,27709.1610049885
2772,27720.429052493786
2773,27731.697099999074
2774,27742.96514750436
2775,27750.96514750436
2776,27758.96514750436
2777,27766.96514750436
2778,27772.97259467111
2779,27778.98004183786
2780,27784.987489004612
2781,27793.987489004612
2782,27802.987489004612
2783,27811.987489004612
2784,27820.28172202162
2785,27828.57595503863
2786,27836.870188055636
2787,27840.722705240056
2788,27844.575222424475
2789,27848.427739608895
2790,27851.427739608895
2791,27854.427739608895
2792,27857.427739608895
2793,27860.427739608895
2794,27863.427739608895
2795,27866.427739608895
2796,27869.427739608895
2797,27872.427739608895
2798,27875.427739608895
2799,27879.593529903
2800,27883.759320197103
2801,27887.925110491207
2802,27892.07554684803
2803,27896.225983204855
2804,27900.37641956168
2805,27906.37641956168
2806,27912.37641956168
2807,27918.37641956168
2808,27924.37641956168
2809,27930.37641956168
2810,27936.37641956168
2811,27941.37641956168
2812,27946.37641956168
2813,27951.37641956168
2814,27954.37641956168
2815,27957.37641956168
2816,27960.37641956168
2817,27963.37641956168
2818,27966.37641956168
2819,27969.37641956168
2820,27975.341772616728
2821,27981.307125671778
2822,27987.272478726827
2823,27997.850692637574
2824,28008.42890654832
2825,28019.007120459068
2826,28032.79091442433
2827,28046.574708389595
2828,28060.35850235486
2829,28075.35850235486
2830,28090.35850235486
2831,28105.35850235486
2832,28111.35850235486
2833,28117.35850235486
2834,28123.35850235486
2835,28123.35850235486
2836,28123.35850235486
2837,28123.35850235486
2838,28126.805043803488
2839,28130.251585252117
2840,28133.698126700747
2841,28138.884289590944
2842,28144.07045248114
2843,28149.256615371338
2844,28155.256615371338
2845,28161.256615371338
2846,28167.256615371338
2847,28175.472153516726
2848,28183.687691662115
2849,28191.903229807504
2850,28200.903229807504
2851,28209.903229807504
2852,28218.903229807504
2853,28229.232889137977
2854,28239.56254846845
2855,28249.892207798923
2856,28261.892207798923
2857,28273.892207798923
2858,28285.892207798923
2859,28293.060175836505
2860,28300.228143874087
2861,28307.39611191167
2862,28314.170803427427
2863,28320.945494943186
2864,28327.720186458944
2865,28339.720186458944
2866,28351.720186458944
2867,28363.720186458944
2868,28373.79967074872
2869,28383.879155038492
2870,28393.958639328266
2871,28399.958639328266
2872,28405.958639328266
2873,28411.958639328266
2874,28417.958639328266
2875,28423.958639328266
2876,28429.958639328266
2877,28435.958639328266
2878,28441.958639328266
2879,28447.958639328266
2880,28451.745862765732
2881,28455.5330862032
2882,28459.320309640665
2883,28465.842996341857
2884,28472.36568304305
2885,28478.88836974424
2886,28489.278128857557
2887,28499.667887970874
2888,28510.05764708419
2889,28518.05764708419
2890,28526.05764708419
2891,28534.05764708419
2892,28540.05764708419
2893,28546.05764708419
2894,28552.05764708419
2895,28558.05764708419
2896,28564.05764708419
2897,28570.05764708419
2898,28576.05764708419
2899,28582.05764708419
2900,28588.05764708419
2901,28594.7595248042
2902,28601.46140252421
2903,28608.163280244222
2904,28618.651425024498
2905,28629.139569804775
2906,28639.62771458505
2907,28645.62771458505
2908,28651.62771458505
2909,28657.62771458505
2910,28670.939112951535
2911,28684.25051131802
2912,28697.561909684504
2913,28713.83095668154
2914,28730.100003678577
2915,28746.369050675614
2916,28761.55214293679
2917,28776.735235197968
2918,28791.918327459145
2919,28798.918327459145
2920,28805.918327459145
2921,28812.918327459145
2922,28819.105057304565
2923,28825.291787149985
2924,28831.478516995405
2925,28840.478516995405
2926,28849.478516995405
2927,28858.478516995405
2928,28867.478516995405
2929,28876.478516995405
2930,28885.478516995405
2931,28895.79416163838
2932,28906.109806281354
2933,28916.42545092433
2934,28925.42545092433
2935,28934.42545092433
2936,28943.42545092433
2937,28954.00873996213
2938,28964.59202899993
2939,28975.17531803773
2940,28990.17531803773
2941,29005.17531803773
2942,29020.17531803773
2943,29031.05788128049
2944,29041.940444523247
2945,29052.823007766005
2946,29061.404153044674
2947,29069.985298323343
2948,29078.566443602012
2949,29091.201357850092
2950,29103.83627209817
2951,29116.47118634625
2952,29130.47118634625
2953,29144.47118634625
2954,29158.47118634625
2955,29170.462367607164
2956,29182.453548868078
2957,29194.44473012899
2958,29208.902695056386
2959,29223.36065998378
2960,29237.818624911175
2961,29258.27310867433
2962,29278.727592437484
2963,29299.18207620064
2964,29312.66441120233
2965,29326.146746204024
2966,29339.629081205716
2967,29351.629081205716
2968,29363.629081205716
2969,29375.629081205716
2970,29390.436908213676
2971,29405.244735221637
2972,29420.052562229597
2973,29436.49272010865
2974,29452.932877987703
2975,29469.373035866756
2976,29484.373035866756
2977,29499.373035866756
2978,29514.373035866756
2979,29529.373035866756
2980,29544.373035866756
2981,29559.373035866756
2982,29572.373035866756
2983,29585.373035866756
2984,29598.373035866756
2985,29604.373035866756
2986,29610.373035866756
2987,29616.373035866756
2988,29623.627667042336
2989,29630.882298217915
2990,29638.136929393495
2991,29653.1418988899
2992,29668.146868386302
2993,29683.151837882706
2994,29692.151837882706
2995,29701.151837882706
2996,29710.151837882706
2997,29716.151837882706
2998,29722.151837882706
2999,29728.151837882706
3000,29740.9619309195
3001,29753.772023956295
3002,29766.58211699309
3003,29777.58211699309
3004,29788.58211699309
3005,29799.58211699309
3006,29808.118487142343
3007,29816.654857291596
3008,29825.19122744085
3009,29834.19122744085
3010,29843.19122744085
3011,29852.19122744085
3012,29864.17659763954
3013,29876.16196783823
3014,29888.14733803692
3015,29900.442168141843
3016,29912.736998246764
3017,29925.031828351686
3018,29940.58621854392
3019,29956.14060873615
3020,29971.694998928382
3021,29983.694998928382
3022,29995.694998928382
3023,30007.694998928382
3024,30016.694998928382
3025,30025.694998928382
3026,30034.694998928382
3027,30045.363039637752
3028,30056.031080347122
3029,30066.699121056492
3030,30077.071338414553
3031,30087.443555772614
3032,30097.815773130675
3033,30106.815773130675
3034,30115.815773130675
3035,30124.815773130675
3036,30135.54201184809
3037,30146.268250565507
3038,30156.994489282923
3039,30170.726047715678
3040,30184.457606148433
3041,30198.18916458119
3042,30204.18916458119
3043,30210.18916458119
3044,30216.18916458119
3045,30222.28335101587
3046,30228.377537450553
3047,30234.471723885235
3048,30243.471723885235
3049,30252.471723885235
3050,30261.471723885235
3051,30270.471723885235
3052,30279.471723885235
3053,30288.471723885235
3054,30297.471723885235
3055,30306.471723885235
3056,30315.471723885235
3057,30325.741302937742
3058,30336.01088199025
3059,30346.280461042756
3060,30358.280461042756
3061,30370.280461042756
3062,30382.280461042756
3063,30392.280461042756
3064,30402.280461042756
3065,30412.280461042756
3066,30418.280461042756
3067,30424.280461042756
3068,30430.280461042756
3069,30436.280461042756
3070,30442.280461042756
3071,30448.280461042756
3072,30456.631167074596
3073,30464.981873106437
3074,30473.332579138278
3075,30481.764830134747
3076,30490.197081131217
3077,30498.629332127686
3078,30507.629332127686
3079,30516.629332127686
3080,30525.629332127686
3081,30534.629332127686
3082,30543.629332127686
3083,30552.629332127686
3084,30558.629332127686
3085,30564.629332127686
3086,30570.629332127686
3087,30575.79041172054
3088,30580.951491313393
3089,30586.112570906247
3090,30597.48729996537
3091,30608.862029024494
3092,30620.236758083618
3093,30637.954095146077
3094,30655.671432208535
3095,30673.388769270994
3096,30692.99263058475
3097,30712.59649189851
3098,30732.200353212265
3099,30759.86161686387
3100,30787.522880515473
3101,30815.184144167077
3102,30833.184144167077
3103,30851.184144167077
3104,30869.184144167077
3105,30884.184144167077
3106,30899.184144167077
3107,30914.184144167077
3108,30929.184144167077
3109,30944.184144167077
3110,30959.184144167077
3111,30974.997848069474
3112,30990.81155197187
3113,31006.625255874267
3114,31024.971297918382
3115,31043.317339962497
3116,31061.663382006613
3117,31081.663382006613
3118,31101.663382006613
3119,31121.663382006613
3120,31134.663382006613
3121,31147.663382006613
3122,31160.663382006613
3123,31178.67680241759
3124,31196.69022282857
3125,31214.703643239547
3126,31235.703643239547
3127,31256.703643239547
3128,31277.703643239547
3129,31292.703643239547
3130,31307.703643239547
3131,31322.703643239547
3132,31329.93524955293
3133,31337.166855866315
3134,31344.3984621797
3135,31355.692072158647
3136,31366.985682137594
3137,31378.279292116542
3138,31390.887989673713
3139,31403.496687230883
3140,31416.105384788054
3141,31431.105384788054
3142,31446.105384788054
3143,31461.105384788054
3144,31475.006351270247
3145,31488.90731775244
3146,31502.808284234634
3147,31514.808284234634
3148,31526.808284234634
3149,31538.808284234634
3150,31551.5640291205
3151,31564.31977400637
3152,31577.075518892238
3153,31594.699706259933
3154,31612.32389362763
3155,31629.948080995324
3156,31638.12793178319
3157,31646.307782571057
3158,31654.487633358924
3159,31664.31041697053
3160,31674.133200582135
3161,31683.95598419374
3162,31698.266101596208
3163,31712.576218998674
3164,31726.88633640114
3165,31740.987048385883
3166,31755.087760370625
3167,31769.188472355367
3168,31777.55172245824
3169,31785.914972561113
3170,31794.278222663987
3171,31804.656708380124
3172,31815.03519409626
3173,31825.4136798124
3174,31837.4136798124
3175,31849.4136798124
3176,31861.4136798124
3177,31873.4136798124
3178,31885.4136798124
3179,31897.4136798124
3180,31911.923236819883
3181,31926.432793827367
3182,31940.942350834852
3183,31952.215195685934
3184,31963.488040537017
3185,31974.7608853881
3186,31983.7608853881
3187,31992.7608853881
3188,32001.7608853881
3189,32010.7608853881
3190,32019.7608853881
3191,32028.7608853881
3192,32037.76273317261
3193,32046.764580957122
3194,32055.766428741634
3195,32068.626334510416
3196,32081.4862402792
3197,32094.34614604798
3198,32106.34614604798
3199,32118.34614604798
3200,32130.34614604798
3201,32134.34614604798
3202,32138.34614604798
3203,32142.34614604798
3204,32148.34614604798
3205,32154.34614604798
3206,32160.34614604798
3207,32168.7376597952
3208,32177.129173542417
3209,32185.520687289634
3210,32191.766296468544
3211,32198.011905647454
3212,32204.257514826364
3213,32212.066883531523
3214,32219.87625223668
3215,32227.68562094184
3216,32239.68562094184
3217,32251.68562094184
3218,32263.68562094184
3219,32272.987935752462
3220,32282.290250563085
3221,32291.592565373707
3222,32300.592565373707
3223,32309.592565373707
3224,32318.592565373707
3225,32328.670432714225
3226,32338.748300054744
3227,32348.826167395262
3228,32360.826167395262
3229,32372.826167395262
3230,32384.826167395262
3231,32387.826167395262
3232,32390.826167395262
3233,32393.826167395262
3234,32396.826167395262
3235,32399.826167395262
3236,32402.826167395262
3237,32405.826167395262
3238,32408.826167395262
3239,32411.826167395262
3240,32414.826167395262
3241,32417.826167395262
3242,32420.826167395262
3243,32426.404365067516
3244,32431.98256273977
3245,32437.560760412023
3246,32439.560760412023
3247,32441.560760412023
3248,32443.560760412023
3249,32448.662729232587
3250,32453.76469805315
3251,32458.866666873713
3252,32467.019591923767
3253,32475.17251697382
3254,32483.325442023874
3255,32491.325442023874
3256,32499.325442023874
3257,32507.325442023874
3258,32513.10560420562
3259,32518.885766387364
3260,32524.66592856911
3261,32530.66592856911
3262,32536.66592856911
3263,32542.66592856911
3264,32548.66592856911
3265,32554.66592856911
3266,32560.66592856911
3267,32569.41457752113
3268,32578.16322647315
3269,32586.91187542517
3270,32601.759101057265
3271,32616.60632668936
3272,32631.453552321458
3273,32641.90448286957
3274,32652.35541341768
3275,32662.806343965793
3276,32671.806343965793
3277,32680.806343965793
3278,32689.806343965793
3279,32698.806343965793
3280,32707.806343965793
3281,32716.806343965793
3282,32725.806343965793
3283,32734.806343965793
3284,32743.806343965793
3285,32752.806343965793
3286,32761.806343965793
3287,32770.80634396579
3288,32782.36960896212
3289,32793.93287395845
3290,32805.49613895478
3291,32812.49613895478
3292,32819.49613895478
3293,32826.49613895478
3294,32837.326139048164
3295,32848.156139141545
3296,32858.98613923493
3297,32870.98613923493
3298,32882.98613923493
3299,32894.98613923493
3300,32902.98613923493
3301,32910.98613923493
3302,32918.98613923493
3303,32926.560694435815
3304,32934.1352496367
3305,32941.70980483759
3306,32953.70980483759
3307,32965.70980483759
3308,32977.70980483759
3309,32990.61415480334
3310,33003.51850476909
3311,33016.42285473484
3312,33022.59049436052
3313,33028.7581339862
3314,33034.92577361188
3315,33040.92577361188
3316,33046.92577361188
3317,33052.92577361188
3318,33059.07270434322
3319,33065.21963507456
3320,33071.366565805896
3321,33080.58028735141
3322,33089.794008896926
3323,33099.00773044244
3324,33113.24236939857
3325,33127.4770083547
3326,33141.711647310825
3327,33153.711647310825
3328,33165.711647310825
3329,33177.711647310825
3330,33181.879129677814
3331,33186.0466120448
3332,33190.21409441179
3333,33197.699197489455
3334,33205.18430056712
3335,33212.66940364478
3336,33225.22848514865
3337,33237.787566652514
3338,33250.34664815638
3339,33256.34664815638
3340,33262.34664815638
3341,33268.34664815638
3342,33274.34664815638
3343,33280.34664815638
3344,33286.34664815638
3345,33292.8017002949
3346,33299.256752433415
3347,33305.71180457193
3348,33314.71180457193
3349,33323.71180457193
3350,33332.71180457193
3351,33341.71180457193
3352,33350.71180457193
3353,33359.71180457193
3354,33362.71180457193
3355,33365.71180457193
3356,33368.71180457193
3357,33368.71180457193
3358,33368.71180457193
3359,33368.71180457193
3360,33368.73447416035
3361,33368.75714374877
3362,33368.77981333719
3363,33375.02496312329
3364,33381.270112909384
3365,33387.51526269548
3366,33389.286952738796
3367,33391.05864278211
3368,33392.830332825426
3369,33400.45043190453
3370,33408.070530983634
3371,33415.69063006274
3372,33430.45823865402
3373,33445.2258472453
3374,33459.993455836586
3375,33474.993455836586
3376,33489.993455836586
3377,33504.993455836586
3378,33521.60233635818
3379,33538.21121687977
3380,33554.82009740136
3381,33566.82009740136
3382,33578.82009740136
3383,33590.82009740136
3384,33600.544843065385
3385,33610.26958872941
3386,33619.994334393436
3387,33633.86647659886
3388,33647.73861880428
3389,33661.6107610097
3390,33677.902606856886
3391,33694.19445270407
3392,33710.48629855125
3393,33721.37472562816
3394,33732.26315270506
3395,33743.15157978197
3396,33758.15157978197
3397,33773.15157978197
3398,33788.15157978197
3399,33805.44886104603
3400,33822.7461423101
3401,33840.04342357416
3402,33849.04342357416
3403,33858.04342357416
3404,33867.04342357416
3405,33870.04342357416
3406,33873.04342357416
3407,33876.04342357416
3408,33879.04342357416
3409,33882.04342357416
3410,33885.04342357416
3411,33890.54753620583
3412,33896.05164883749
3413,33901.55576146916
3414,33910.55576146916
3415,33919.55576146916
3416,33928.55576146916
3417,33937.66694221482
3418,33946.77812296048
3419,33955.88930370614
3420,33959.03374570354
3421,33962.17818770094
3422,33965.32262969834
3423,33969.04713514611
3424,33972.77164059388
3425,33976.496146041645
3426,33980.59246397895
3427,33984.68878191626
3428,33988.785099853565
3429,33994.785099853565
3430,34000.785099853565
3431,34006.785099853565
3432,34012.785099853565
3433,34018.785099853565
3434,34024.785099853565
3435,34030.433257450815
3436,34036.081415048066
3437,34041.729572645316
3438,34047.729572645316
3439,34053.729572645316
3440,34059.729572645316
3441,34065.729572645316
3442,34071.729572645316
3443,34077.729572645316
3444,34084.7327078947
3445,34091.73584314408
3446,34098.73897839346
3447,34106.88983137928
3448,34115.0406843651
3449,34123.19153735092
3450,34140.00619410517
3451,34156.82085085942
3452,34173.63550761367
3453,34193.24680995995
3454,34212.85811230623
3455,34232.469414652514
3456,34241.469414652514
3457,34250.469414652514
3458,34259.469414652514
3459,34269.26329189337
3460,34279.05716913422
3461,34288.85104637507
3462,34300.85104637507
3463,34312.85104637507
3464,34324.85104637507
3465,34331.85104637507
3466,34338.85104637507
3467,34345.85104637507
3468,34349.79322718826
3469,34353.73540800145
3470,34357.67758881464
3471,34365.98018630464
3472,34374.28278379464
3473,34382.58538128464
3474,34392.67927546349
3475,34402.773169642336
3476,34412.867063821184
3477,34424.60923834729
3478,34436.3514128734
3479,34448.09358739951
3480,34460.09358739951
3481,34472.09358739951
3482,34484.09358739951
3483,34496.09358739951
3484,34508.09358739951
3485,34520.09358739951
3486,34527.09358739951
3487,34534.09358739951
3488,34541.09358739951
3489,34551.50193445691
3490,34561.910281514305
3491,34572.3186285717
3492,34593.18956836626
3493,34614.060508160816
3494,34634.93144795537
3495,34657.90941858799
3496,34680.8873892206
3497,34703.86535985322
3498,34721.82494856645
3499,34739.78453727968
3500,34757.74412599291
3501,34777.81994368154
3502,34797.89576137017
3503,34817.9715790588
3504,34841.11288745272
3505,34864.25419584664
3506,34887.39550424056
3507,34917.14939973958
3508,34946.903295238604
3509,34976.65719073763
3510,35006.65719073763
3511,35036.65719073763
3512,35066.65719073763
3513,35083.07600448515
3514,35099.49481823267
3515,35115.91363198019
3516,35131.62937285027
3517,35147.34511372035
3518,35163.06085459043
3519,35181.06085459043
3520,35199.06085459043
3521,35217.06085459043
3522,35230.06085459043
3523,35243.06085459043
3524,35256.06085459043
3525,35266.80169284139
3526,35277.54253109235
3527,35288.28336934331
3528,35300.28336934331
3529,35312.28336934331
3530,35324.28336934331
3531,35338.45948867718
3532,35352.63560801105
3533,35366.81172734492
3534,35374.68337179817
3535,35382.55501625143
3536,35390.42666070468
3537,35399.42666070468
3538,35408.42666070468
3539,35417.42666070468
3540,35426.42666070468
3541,35435.42666070468
3542,35444.42666070468
3543,35453.68271105309
3544,35462.93876140149
3545,35472.1948117499
3546,35484.1948117499
3547,35496.1948117499
3548,35508.1948117499
3549,35516.1948117499
3550,35524.1948117499
3551,35532.1948117499
3552,35539.433406858094
3553,35546.67200196629
3554,35553.910597074486
3555,35562.910597074486
3556,35571.910597074486
3557,35580.910597074486
3558,35589.946017782044
3559,35598.9814384896
3560,35608.01685919716
3561,35616.55783949975
3562,35625.09881980234
3563,35633.63980010493
3564,35645.53669997577
3565,35657.433599846605
3566,35669.33049971744
3567,35687.33049971744
3568,35705.33049971744
3569,35723.33049971744
3570,35727.64439406107
3571,35731.9582884047
3572,35736.272182748326
3573,35739.272182748326
3574,35742.272182748326
3575,35745.272182748326
3576,35749.401595516174
3577,35753.53100828402
3578,35757.66042105187
3579,35764.52759264544
3580,35771.39476423901
3581,35778.26193583258
3582,35787.26193583258
3583,35796.26193583258
3584,35805.26193583258
3585,35815.79572641786
3586,35826.32951700314
3587,35836.86330758842
3588,35842.86330758842
3589,35848.86330758842
3590,35854.86330758842
3591,35863.34433598946
3592,35871.8253643905
3593,35880.306392791535
3594,35895.34092293723
3595,35910.37545308292
3596,35925.40998322861
3597,35934.40998322861
3598,35937.40998322861
