Time,Global accumulated Delay
0,0.0
1,0.0
2,0.0
3,0.0
4,0.0
5,0.0
6,0.0
7,0.0
8,0.0
9,0.0
10,0.0
11,0.0
12,0.0
13,0.0
14,0.0
15,0.0
16,0.0
17,0.0
18,0.0
19,0.0
20,0.0
21,0.0
22,0.0
23,0.0
24,0.0
25,0.0
26,0.0
27,0.0
28,0.0
29,0.0
30,0.0
31,0.0
32,0.0
33,0.0
34,0.0
35,0.0
36,0.0
37,0.0
38,0.0
39,0.0
40,0.0
41,0.0
42,0.0
43,0.0
44,0.0
45,0.0
46,0.0
47,0.0
48,0.0
49,0.0
50,0.0
51,0.9449320417127138
52,1.8898640834254277
53,2.8347961251381415
54,5.49146813817901
55,8.148140151219877
56,10.804812164260746
57,15.822893776138283
58,20.84097538801582
59,25.859056999893358
60,32.79431070253163
61,39.72956440516991
62,46.66481810780819
63,56.88554621765817
64,67.10627432750815
65,77.32700243735812
66,88.16408688012325
67,99.00117132288838
68,109.83825576565351
69,119.49929608133921
70,129.1603363970249
71,138.82137671271062
72,147.82137671271062
73,156.82137671271062
74,165.82137671271062
75,175.58829231082754
76,185.35520790894446
77,195.1221235070614
78,205.88325689057106
79,216.64439027408073
80,227.4055236575904
81,241.2289960989505
82,255.05246854031057
83,268.8759409816706
84,289.08256358362877
85,309.2891861855869
86,329.49580878754506
87,350.11827421756686
88,370.74073964758867
89,391.3632050776105
90,410.90118028185043
91,430.4391554860904
92,449.97713069033034
93,468.4847687562059
94,486.9924068220814
95,505.50004488795696
96,523.7427439415625
97,541.985442995168
98,560.2281420487735
99,578.5288644924262
100,596.829586936079
101,615.1303093797317
102,633.090623378933
103,651.0509373781342
104,669.0112513773355
105,687.449629728239
106,705.8880080791424
107,724.3263864300459
108,740.3499150103605
109,756.3734435906752
110,772.3969721709898
111,790.0147001036485
112,807.6324280363071
113,825.2501559689658
114,845.4361934921333
115,865.6222310153007
116,885.8082685384682
117,905.4023320852161
118,924.9963956319641
119,944.5904591787121
120,959.5186925864546
121,974.446925994197
122,989.3751594019395
123,1003.4215719624227
124,1017.4679845229059
125,1031.514397083389
126,1048.1792845112752
127,1064.8441719391615
128,1081.5090593670477
129,1101.1037658955595
130,1120.6984724240713
131,1140.293178952583
132,1164.2877764076968
133,1188.2823738628106
134,1212.2769713179243
135,1234.5818669069536
136,1256.8867624959828
137,1279.191658085012
138,1300.7163163174691
139,1322.2409745499262
140,1343.7656327823834
141,1369.6908037246728
142,1395.6159746669623
143,1421.5411456092518
144,1446.3667398523253
145,1471.1923340953988
146,1496.0179283384723
147,1517.0784924907723
148,1538.1390566430723
149,1559.1996207953723
150,1577.3824521374522
151,1595.5652834795321
152,1613.748114821612
153,1631.2439798812318
154,1648.7398449408515
155,1666.2357100004713
156,1680.484802144798
157,1694.733894289125
158,1708.9829864334517
159,1724.1237625231845
160,1739.2645386129172
161,1754.40531470265
162,1771.840174478691
163,1789.2750342547322
164,1806.7098940307733
165,1824.1101425405882
166,1841.510391050403
167,1858.910639560218
168,1873.380649017297
169,1887.850658474376
170,1902.3206679314549
171,1912.991103324716
172,1923.6615387179772
173,1934.3319741112384
174,1944.14414166498
175,1953.9563092187216
176,1963.7684767724631
177,1974.247649838584
178,1984.726822904705
179,1995.2059959708258
180,2006.8429886673312
181,2018.4799813638365
182,2030.1169740603418
183,2048.4062074255517
184,2066.6954407907615
185,2084.9846741559713
186,2106.1649149718764
187,2127.3451557877816
188,2148.5253966036867
189,2171.8951814084917
190,2195.2649662132967
191,2218.6347510181017
192,2243.0991589117816
193,2267.5635668054615
194,2292.0279746991414
195,2317.8940048972213
196,2343.760035095301
197,2369.626065293381
198,2398.6244198654485
199,2427.622774437516
200,2456.6211290095835
201,2484.706258697461
202,2512.791388385339
203,2540.8765180732166
204,2563.350005527396
205,2585.823492981576
206,2608.2969804357554
207,2625.919326475338
208,2643.5416725149207
209,2661.1640185545034
210,2676.6253355620297
211,2692.086652569556
212,2707.5479695770823
213,2723.256876817682
214,2738.9657840582818
215,2754.6746912988815
216,2770.4191326377404
217,2786.1635739765993
218,2801.908015315458
219,2813.5708552976753
220,2825.2336952798923
221,2836.8965352621094
222,2847.06667959887
223,2857.2368239356306
224,2867.406968272391
225,2877.517978211907
226,2887.628988151423
227,2897.739998090939
228,2909.5936032932186
229,2921.447208495498
230,2933.300813697778
231,2945.4348100300253
232,2957.568806362273
233,2969.7028026945204
234,2982.15116022492
235,2994.59951775532
236,3007.04787528572
237,3018.3880117259605
238,3029.728148166201
239,3041.068284606442
240,3051.205718313047
241,3061.343152019652
242,3071.480585726257
243,3082.6544264544564
244,3093.828267182656
245,3105.0021079108556
246,3114.51112322776
247,3124.0201385446644
248,3133.529153861569
249,3142.725895593572
250,3151.9226373255756
251,3161.119379057579
252,3173.0146366664735
253,3184.909894275368
254,3196.8051518842626
255,3212.2161075272606
256,3227.6270631702587
257,3243.0380188132567
258,3264.49331067074
259,3285.948602528223
260,3307.4038943857063
261,3331.4811236718415
262,3355.5583529579767
263,3379.635582244112
264,3401.256210283261
265,3422.8768383224105
266,3444.49746636156
267,3460.6371740222407
268,3476.7768816829216
269,3492.9165893436025
270,3506.2554411964893
271,3519.594293049376
272,3532.933144902263
273,3543.4949662248696
274,3554.0567875474762
275,3564.618608870083
276,3574.0486130656395
277,3583.478617261196
278,3592.908621456753
279,3602.888969393033
280,3612.8693173293136
281,3622.849665265594
282,3634.338841162489
283,3645.8280170593844
284,3657.3171929562795
285,3670.153714456092
286,3682.9902359559046
287,3695.826757455717
288,3713.769342578091
289,3731.7119277004645
290,3749.654512822838
291,3767.915170374747
292,3786.175827926656
293,3804.436485478565
294,3820.2700649961057
295,3836.1036445136465
296,3851.9372240311873
297,3866.9055134510922
298,3881.873802870997
299,3896.842092290902
300,3911.6439853532593
301,3926.4458784156163
302,3941.2477714779734
303,3957.469550469149
304,3973.6913294603246
305,3989.9131084515
306,4005.7900851886
307,4021.6670619257
308,4037.5440386628
309,4054.0900471692903
310,4070.6360556757804
311,4087.1820641822706
312,4103.328497246201
313,4119.474930310131
314,4135.621363374061
315,4149.274622867422
316,4162.927882360784
317,4176.581141854145
318,4188.707509901576
319,4200.833877949006
320,4212.960245996436
321,4228.171566843158
322,4243.38288768988
323,4258.594208536601
324,4279.5783918504785
325,4300.562575164356
326,4321.546758478233
327,4342.663246467825
328,4363.779734457417
329,4384.89622244701
330,4404.731825064383
331,4424.567427681756
332,4444.40303029913
333,4462.588577957569
334,4480.774125616009
335,4498.9596732744485
336,4518.606173222304
337,4538.25267317016
338,4557.899173118016
339,4581.365585946706
340,4604.831998775397
341,4628.298411604087
342,4651.825646115466
343,4675.352880626845
344,4698.880115138224
345,4720.992919939945
346,4743.105724741666
347,4765.2185295433865
348,4787.959972208924
349,4810.701414874462
350,4833.44285754
351,4861.001291514888
352,4888.559725489777
353,4916.118159464665
354,4947.416736101479
355,4978.715312738293
356,5010.013889375106
357,5041.747591167452
358,5073.481292959797
359,5105.214994752143
360,5132.084252795003
361,5158.953510837862
362,5185.822768880722
363,5209.639075119553
364,5233.455381358384
365,5257.2716875972155
366,5283.855324986343
367,5310.43896237547
368,5337.022599764597
369,5365.51332167676
370,5394.004043588923
371,5422.4947655010865
372,5452.217772997071
373,5481.940780493055
374,5511.6637879890395
375,5542.818758754716
376,5573.973729520393
377,5605.12870028607
378,5635.750174470702
379,5666.371648655335
380,5696.993122839967
381,5724.198846751011
382,5751.4045706620545
383,5778.610294573098
384,5804.739768308928
385,5830.869242044759
386,5856.998715780589
387,5884.737348631465
388,5912.47598148234
389,5940.214614333216
390,5964.977863836347
391,5989.741113339478
392,6014.504362842609
393,6039.444725561992
394,6064.385088281374
395,6089.325451000756
396,6116.460527154884
397,6143.595603309012
398,6170.73067946314
399,6194.919704926541
400,6219.108730389942
401,6243.297755853343
402,6262.385590765554
403,6281.473425677766
404,6300.561260589977
405,6316.936971938856
406,6333.312683287735
407,6349.688394636614
408,6366.635970788021
409,6383.583546939428
410,6400.531123090835
411,6419.473621218504
412,6438.416119346174
413,6457.358617473844
414,6479.991685691303
415,6502.624753908763
416,6525.257822126222
417,6546.081661051166
418,6566.905499976109
419,6587.729338901053
420,6604.745947367034
421,6621.7625558330155
422,6638.779164298997
423,6658.737793217621
424,6678.696422136246
425,6698.6550510548705
426,6719.532717001166
427,6740.410382947462
428,6761.288048893757
429,6780.892434825352
430,6800.496820756947
431,6820.101206688542
432,6839.292891367708
433,6858.484576046873
434,6877.676260726039
435,6899.549436715385
436,6921.422612704731
437,6943.295788694078
438,6964.195361424123
439,6985.094934154168
440,7005.9945068842135
441,7026.91993064101
442,7047.845354397807
443,7068.770778154603
444,7090.7411983367665
445,7112.71161851893
446,7134.682038701093
447,7154.857771652089
448,7175.033504603084
449,7195.20923755408
450,7216.530985516806
451,7237.852733479533
452,7259.174481442259
453,7281.117179273659
454,7303.059877105058
455,7325.002574936458
456,7345.41119266579
457,7365.819810395122
458,7386.228428124454
459,7407.490869130958
460,7428.753310137463
461,7450.0157511439675
462,7470.987031081931
463,7491.958311019894
464,7512.929590957857
465,7532.8994792173335
466,7552.86936747681
467,7572.839255736287
468,7591.669453134962
469,7610.499650533638
470,7629.329847932313
471,7646.59345911703
472,7663.857070301747
473,7681.120681486464
474,7697.0270033623565
475,7712.933325238249
476,7728.839647114142
477,7741.474168763933
478,7754.108690413725
479,7766.743212063516
480,7774.751873887109
481,7782.760535710701
482,7790.769197534294
483,7797.6976128281185
484,7804.626028121943
485,7811.554443415767
486,7817.76782641606
487,7823.9812094163535
488,7830.194592416647
489,7834.408390275383
490,7838.622188134119
491,7842.835985992855
492,7846.195168997634
493,7849.554352002413
494,7852.913535007192
495,7856.823501554375
496,7860.733468101558
497,7864.643434648741
498,7866.5808068981705
499,7868.5181791476
500,7870.455551397029
501,7874.128504490849
502,7877.801457584669
503,7881.474410678489
504,7887.379609226563
505,7893.284807774637
506,7899.19000632271
507,7905.4337520587405
508,7911.677497794771
509,7917.921243530801
510,7926.09364698081
511,7934.26605043082
512,7942.438453880829
513,7952.359480472295
514,7962.280507063761
515,7972.201533655228
516,7983.840735504575
517,7995.479937353922
518,8007.119139203269
519,8018.287064019831
520,8029.454988836393
521,8040.622913652955
522,8051.056373274608
523,8061.489832896261
524,8071.923292517914
525,8083.400424205785
526,8094.877555893657
527,8106.354687581528
528,8118.81324814878
529,8131.271808716032
530,8143.730369283284
531,8153.969252071016
532,8164.208134858748
533,8174.44701764648
534,8186.002690115541
535,8197.558362584601
536,8209.114035053663
537,8223.894373229416
538,8238.674711405169
539,8253.455049580922
540,8268.876686112146
541,8284.29832264337
542,8299.719959174594
543,8312.343666164803
544,8324.967373155012
545,8337.591080145221
546,8351.459807433754
547,8365.328534722286
548,8379.197262010819
549,8395.72335738466
550,8412.249452758502
551,8428.775548132344
552,8443.320071403941
553,8457.864594675539
554,8472.409117947136
555,8488.589030879331
556,8504.768943811527
557,8520.948856743722
558,8537.819486310043
559,8554.690115876365
560,8571.560745442686
561,8585.348593976925
562,8599.136442511164
563,8612.924291045403
564,8626.953093684764
565,8640.981896324125
566,8655.010698963486
567,8669.728354384999
568,8684.446009806512
569,8699.163665228025
570,8712.535001786535
571,8725.906338345045
572,8739.277674903555
573,8749.584508267462
574,8759.89134163137
575,8770.198174995277
576,8782.172340242905
577,8794.146505490533
578,8806.12067073816
579,8821.461924290043
580,8836.803177841924
581,8852.144431393806
582,8868.117740584228
583,8884.09104977465
584,8900.064358965072
585,8914.935022578527
586,8929.805686191983
587,8944.676349805439
588,8963.138139247658
589,8981.599928689877
590,9000.061718132096
591,9021.67570408374
592,9043.289690035384
593,9064.903675987029
594,9084.26971516153
595,9103.635754336032
596,9123.001793510533
597,9142.157987807203
598,9161.314182103872
599,9180.47037640054
600,9200.417765183
601,9220.365153965458
602,9240.312542747917
603,9259.574115603744
604,9278.83568845957
605,9298.097261315397
606,9318.692423942708
607,9339.287586570019
608,9359.88274919733
609,9380.721132350938
610,9401.559515504547
611,9422.397898658155
612,9439.155646824564
613,9455.913394990972
614,9472.67114315738
615,9486.15476308664
616,9499.638383015901
617,9513.122002945162
618,9527.308292744743
619,9541.494582544325
620,9555.680872343906
621,9570.410273472593
622,9585.13967460128
623,9599.869075729966
624,9614.676674067518
625,9629.484272405069
626,9644.29187074262
627,9659.088039834467
628,9673.884208926314
629,9688.680378018162
630,9701.152698582175
631,9713.625019146188
632,9726.0973397102
633,9736.234322230212
634,9746.371304750222
635,9756.508287270233
636,9766.243454139774
637,9775.978621009315
638,9785.713787878856
639,9796.611627369648
640,9807.50946686044
641,9818.407306351231
642,9828.898083412278
643,9839.388860473324
644,9849.87963753437
645,9859.43351712256
646,9868.987396710749
647,9878.541276298938
648,9889.527322149122
649,9900.513367999307
650,9911.499413849491
651,9921.316018479216
652,9931.13262310894
653,9940.949227738665
654,9948.38292471696
655,9955.816621695254
656,9963.250318673548
657,9972.058540949698
658,9980.866763225848
659,9989.674985501997
660,10001.982778061658
661,10014.290570621319
662,10026.59836318098
663,10044.332351183592
664,10062.066339186204
665,10079.800327188816
666,10102.51287208039
667,10125.225416971964
668,10147.937961863538
669,10168.86880518951
670,10189.799648515482
671,10210.730491841454
672,10226.343872090561
673,10241.95725233967
674,10257.570632588777
675,10271.398062009781
676,10285.225491430785
677,10299.05292085179
678,10314.880096010958
679,10330.707271170128
680,10346.534446329297
681,10357.712404740367
682,10368.890363151437
683,10380.068321562507
684,10388.594885252196
685,10397.121448941885
686,10405.648012631575
687,10418.707522824789
688,10431.767033018003
689,10444.826543211217
690,10461.455379641215
691,10478.084216071213
692,10494.71305250121
693,10514.96641478454
694,10535.219777067869
695,10555.473139351197
696,10578.32659803339
697,10601.180056715584
698,10624.033515397778
699,10644.929540380575
700,10665.825565363373
701,10686.721590346171
702,10707.647228939999
703,10728.572867533827
704,10749.498506127655
705,10772.432926970514
706,10795.367347813373
707,10818.301768656233
708,10841.624689518263
709,10864.947610380294
710,10888.270531242324
711,10911.314109762252
712,10934.35768828218
713,10957.401266802108
714,10981.164281178593
715,11004.927295555079
716,11028.690309931564
717,11058.315006706096
718,11087.939703480628
719,11117.56440025516
720,11148.07801673065
721,11178.591633206139
722,11209.105249681628
723,11239.201068445012
724,11269.296887208397
725,11299.39270597178
726,11329.23662216753
727,11359.080538363278
728,11388.924454559026
729,11412.315741646957
730,11435.707028734887
731,11459.098315822817
732,11476.58177879067
733,11494.065241758524
734,11511.548704726378
735,11529.230490162274
736,11546.91227559817
737,11564.594061034066
738,11584.197445258127
739,11603.800829482188
740,11623.40421370625
741,11644.099190696606
742,11664.794167686963
743,11685.48914467732
744,11703.040612972976
745,11720.592081268633
746,11738.143549564289
747,11753.17572566906
748,11768.20790177383
749,11783.240077878601
750,11802.344216274014
751,11821.448354669426
752,11840.552493064839
753,11864.842416009884
754,11889.132338954929
755,11913.422261899974
756,11939.621026350793
757,11965.819790801612
758,11992.01855525243
759,12022.65514420139
760,12053.291733150349
761,12083.928322099307
762,12116.572217331237
763,12149.216112563166
764,12181.860007795096
765,12213.41933429779
766,12244.978660800485
767,12276.53798730318
768,12308.757899720047
769,12340.977812136915
770,12373.197724553782
771,12406.170561229645
772,12439.143397905507
773,12472.11623458137
774,12500.08531518686
775,12528.05439579235
776,12556.023476397839
777,12583.665104822945
778,12611.306733248051
779,12638.948361673158
780,12669.771014128104
781,12700.59366658305
782,12731.416319037997
783,12761.551931980575
784,12791.687544923154
785,12821.823157865732
786,12853.04026255261
787,12884.257367239486
788,12915.474471926364
789,12948.042261328761
790,12980.610050731158
791,13013.177840133556
792,13046.845184648497
793,13080.512529163438
794,13114.179873678378
795,13148.907029067943
796,13183.634184457507
797,13218.361339847072
798,13258.92785176382
799,13299.494363680567
800,13340.060875597315
801,13384.083508584501
802,13428.106141571687
803,13472.128774558872
804,13517.210470554895
805,13562.292166550918
806,13607.373862546941
807,13652.951899863556
808,13698.52993718017
809,13744.107974496785
810,13787.642384248289
811,13831.176793999794
812,13874.711203751298
813,13915.211288405
814,13955.711373058703
815,13996.211457712405
816,14036.113998751536
817,14076.016539790668
818,14115.919080829799
819,14154.420085049029
820,14192.921089268259
821,14231.422093487488
822,14261.891666426067
823,14292.361239364645
824,14322.830812303224
825,14347.869669655282
826,14372.90852700734
827,14397.947384359397
828,14423.846107042962
829,14449.744829726527
830,14475.643552410093
831,14500.535335354902
832,14525.42711829971
833,14550.31890124452
834,14569.174006051257
835,14588.029110857993
836,14606.88421566473
837,14621.145471165639
838,14635.406726666548
839,14649.667982167457
840,14665.016669799308
841,14680.36535743116
842,14695.71404506301
843,14713.862571520232
844,14732.011097977454
845,14750.159624434677
846,14772.438394509392
847,14794.717164584108
848,14816.995934658824
849,14840.4936996195
850,14863.991464580175
851,14887.48922954085
852,14913.1164999908
853,14938.74377044075
854,14964.371040890699
855,14993.780165214841
856,15023.189289538983
857,15052.598413863125
858,15084.150612301506
859,15115.702810739887
860,15147.255009178269
861,15174.517968173172
862,15201.780927168074
863,15229.043886162977
864,15251.372798439908
865,15273.70171071684
866,15296.03062299377
867,15319.080692778536
868,15342.130762563302
869,15365.180832348067
870,15390.202248144828
871,15415.223663941588
872,15440.245079738348
873,15469.28540505733
874,15498.325730376311
875,15527.366055695293
876,15553.318162614116
877,15579.270269532939
878,15605.222376451762
879,15628.731722160646
880,15652.24106786953
881,15675.750413578415
882,15702.874202521427
883,15729.99799146444
884,15757.121780407451
885,15787.78877745605
886,15818.455774504648
887,15849.122771553246
888,15878.24079798015
889,15907.358824407054
890,15936.476850833958
891,15963.19835012059
892,15989.919849407223
893,16016.641348693855
894,16045.111200738647
895,16073.58105278344
896,16102.050904828233
897,16126.447993502965
898,16150.845082177697
899,16175.242170852429
900,16194.360256381411
901,16213.478341910393
902,16232.596427439375
903,16248.998404169493
904,16265.400380899611
905,16281.80235762973
906,16298.500969646071
907,16315.199581662413
908,16331.898193678755
909,16350.35508219925
910,16368.811970719746
911,16387.26885924024
912,16405.210431204174
913,16423.152003168107
914,16441.09357513204
915,16457.856262099234
916,16474.61894906643
917,16491.381636033624
918,16504.189648386393
919,16516.99766073916
920,16529.80567309193
921,16541.80567309193
922,16553.80567309193
923,16565.80567309193
924,16580.04493524267
925,16594.28419739341
926,16608.523459544147
927,16627.522149737422
928,16646.520839930698
929,16665.519530123973
930,16688.005297294887
931,16710.4910644658
932,16732.976831636715
933,16757.41791254718
934,16781.85899345764
935,16806.300074368104
936,16830.664870578927
937,16855.02966678975
938,16879.39446300057
939,16899.48982959727
940,16919.58519619397
941,16939.68056279067
942,16952.364099777944
943,16965.04763676522
944,16977.731173752494
945,16989.794894094764
946,17001.858614437035
947,17013.922334779305
948,17029.126958205405
949,17044.331581631504
950,17059.536205057604
951,17075.108846699695
952,17090.681488341786
953,17106.254129983878
954,17121.6951254111
955,17137.136120838324
956,17152.577116265547
957,17170.86054946496
958,17189.143982664373
959,17207.427415863785
960,17230.15886583577
961,17252.890315807752
962,17275.621765779735
963,17303.570807690787
964,17331.51984960184
965,17359.46889151289
966,17389.35231221511
967,17419.235732917332
968,17449.119153619555
969,17470.985009450178
970,17492.8508652808
971,17514.716721111425
972,17533.04338956718
973,17551.370058022938
974,17569.696726478694
975,17590.088370916365
976,17610.480015354035
977,17630.871659791705
978,17652.19160229599
979,17673.511544800273
980,17694.831487304557
981,17718.363708136876
982,17741.895928969196
983,17765.428149801515
984,17789.1866282058
985,17812.945106610085
986,17836.70358501437
987,17862.04117305782
988,17887.37876110127
989,17912.71634914472
990,17941.89174949032
991,17971.067149835922
992,18000.242550181523
993,18026.28204605729
994,18052.32154193306
995,18078.361037808827
996,18097.17117181648
997,18115.981305824134
998,18134.791439831788
999,18149.26686288239
1000,18163.74228593299
1001,18178.21770898359
1002,18193.167609021384
1003,18208.11750905918
1004,18223.067409096973
1005,18240.19110401161
1006,18257.314798926247
1007,18274.438493840884
1008,18295.775913502308
1009,18317.113333163732
1010,18338.450752825156
1011,18357.39016998706
1012,18376.32958714896
1013,18395.269004310863
1014,18408.591629215796
1015,18421.91425412073
1016,18435.236879025662
1017,18444.06166329736
1018,18452.88644756906
1019,18461.71123184076
1020,18471.09070197864
1021,18480.47017211652
1022,18489.849642254398
1023,18502.689897501634
1024,18515.53015274887
1025,18528.370407996106
1026,18546.127695285144
1027,18563.88498257418
1028,18581.64226986322
1029,18600.772570244724
1030,18619.90287062623
1031,18639.033171007733
1032,18661.809597428677
1033,18684.58602384962
1034,18707.362450270564
1035,18733.524315496852
1036,18759.68618072314
1037,18785.848045949428
1038,18809.409007700684
1039,18832.96996945194
1040,18856.530931203197
1041,18876.84708928817
1042,18897.163247373144
1043,18917.479405458118
1044,18939.030625383395
1045,18960.581845308672
1046,18982.13306523395
1047,19000.507942875727
1048,19018.882820517505
1049,19037.257698159283
1050,19052.370870539064
1051,19067.484042918844
1052,19082.597215298625
1053,19095.303385291732
1054,19108.00955528484
1055,19120.715725277947
1056,19133.137013510597
1057,19145.558301743247
1058,19157.979589975897
1059,19171.280046559506
1060,19184.580503143115
1061,19197.880959726725
1062,19213.275175945568
1063,19228.66939216441
1064,19244.063608383254
1065,19260.335373940048
1066,19276.607139496842
1067,19292.878905053636
1068,19303.734296558763
1069,19314.58968806389
1070,19325.445079569017
1071,19332.928204578406
1072,19340.411329587794
1073,19347.894454597183
1074,19356.649825481632
1075,19365.405196366082
1076,19374.160567250532
1077,19383.46218831895
1078,19392.76380938737
1079,19402.065430455787
1080,19410.27423289587
1081,19418.483035335954
1082,19426.691837776038
1083,19435.942027451896
1084,19445.192217127755
1085,19454.442406803613
1086,19468.458597407345
1087,19482.474788011077
1088,19496.49097861481
1089,19515.175849470477
1090,19533.860720326145
1091,19552.545591181814
1092,19576.07772735827
1093,19599.60986353473
1094,19623.141999711188
1095,19650.905665727332
1096,19678.669331743477
1097,19706.43299775962
1098,19732.110585129212
1099,19757.788172498804
1100,19783.465759868395
1101,19805.34228786393
1102,19827.21881585946
1103,19849.095343854995
1104,19867.72315403061
1105,19886.350964206224
1106,19904.978774381838
1107,19916.43978117852
1108,19927.900787975203
1109,19939.361794771885
1110,19946.177565646183
1111,19952.99333652048
1112,19959.80910739478
1113,19965.614813759435
1114,19971.42052012409
1115,19977.226226488747
1116,19984.195515233543
1117,19991.16480397834
1118,19998.134092723136
1119,20012.516185370398
1120,20026.89827801766
1121,20041.28037066492
1122,20065.904037047378
1123,20090.527703429834
1124,20115.15136981229
1125,20142.722429480968
1126,20170.293489149644
1127,20197.86454881832
1128,20227.843934296485
1129,20257.82331977465
1130,20287.802705252812
1131,20321.05126761477
1132,20354.299829976728
1133,20387.548392338686
1134,20416.34844570243
1135,20445.148499066177
1136,20473.948552429923
1137,20493.870976559163
1138,20513.793400688402
1139,20533.715824817642
1140,20548.268484513763
1141,20562.821144209884
1142,20577.373803906004
1143,20595.59791867316
1144,20613.822033440316
1145,20632.04614820747
1146,20652.74501289773
1147,20673.443877587986
1148,20694.142742278244
1149,20715.86499462539
1150,20737.587246972536
1151,20759.309499319683
1152,20781.324123237002
1153,20803.33874715432
1154,20825.35337107164
1155,20848.614899299966
1156,20871.876427528292
1157,20895.137955756618
1158,20919.899341223274
1159,20944.66072668993
1160,20969.422112156586
1161,20990.09859604064
1162,21010.775079924693
1163,21031.451563808747
1164,21043.28890911472
1165,21055.12625442069
1166,21066.963599726663
1167,21074.50040646064
1168,21082.037213194617
1169,21089.574019928594
1170,21099.635199928238
1171,21109.696379927882
1172,21119.757559927526
1173,21134.377811233197
1174,21148.998062538867
1175,21163.618313844538
1176,21182.142349274833
1177,21200.666384705128
1178,21219.190420135423
1179,21236.893656478835
1180,21254.596892822246
1181,21272.30012916566
1182,21288.611037725368
1183,21304.921946285078
1184,21321.232854844788
1185,21336.353630194764
1186,21351.47440554474
1187,21366.595180894717
1188,21382.076354656758
1189,21397.557528418798
1190,21413.03870218084
1191,21432.627529702313
1192,21452.216357223788
1193,21471.805184745263
1194,21496.014483459498
1195,21520.223782173733
1196,21544.433080887968
1197,21568.30260062125
1198,21592.17212035453
1199,21616.041640087813
1200,21639.65061270875
1201,21663.259585329684
1202,21686.86855795062
1203,21711.616823654833
1204,21736.365089359046
1205,21761.11335506326
1206,21783.61293463834
1207,21806.11251421342
1208,21828.6120937885
1209,21848.391263143112
1210,21868.170432497725
1211,21887.94960185234
1212,21909.447456818347
1213,21930.945311784355
1214,21952.443166750363
1215,21971.514042264997
1216,21990.58491777963
1217,22009.655793294263
1218,22025.130946197598
1219,22040.606099100933
1220,22056.081252004267
1221,22071.071629625418
1222,22086.062007246568
1223,22101.05238486772
1224,22118.86680916828
1225,22136.681233468844
1226,22154.495657769407
1227,22179.664287284173
1228,22204.83291679894
1229,22230.001546313706
1230,22258.701099587157
1231,22287.400652860608
1232,22316.10020613406
1233,22336.636889331203
1234,22357.173572528347
1235,22377.71025572549
1236,22389.745333919127
1237,22401.780412112763
1238,22413.8154903064
1239,22422.77936681919
1240,22431.743243331985
1241,22440.707119844777
1242,22450.054078316978
1243,22459.40103678918
1244,22468.74799526138
1245,22480.275891538873
1246,22491.803787816367
1247,22503.33168409386
1248,22515.742147718178
1249,22528.152611342495
1250,22540.563074966813
1251,22551.78231151743
1252,22563.001548068045
1253,22574.22078461866
1254,22584.05919253747
1255,22593.897600456276
1256,22603.736008375083
1257,22614.522769837655
1258,22625.309531300227
1259,22636.0962927628
1260,22647.413865019917
1261,22658.731437277034
1262,22670.049009534152
1263,22680.093259250534
1264,22690.137508966916
1265,22700.1817586833
1266,22709.350055121984
1267,22718.51835156067
1268,22727.686647999355
1269,22735.913826515425
1270,22744.141005031495
1271,22752.368183547565
1272,22760.275944226538
1273,22768.18370490551
1274,22776.091465584483
1275,22785.938960851785
1276,22795.786456119087
1277,22805.63395138639
1278,22823.353745089466
1279,22841.07353879254
1280,22858.793332495618
1281,22886.247157853708
1282,22913.7009832118
1283,22941.15480856989
1284,22972.918516775124
1285,23004.68222498036
1286,23036.445933185594
1287,23068.67209664098
1288,23100.898260096368
1289,23133.124423551755
1290,23158.938031091915
1291,23184.751638632075
1292,23210.565246172235
1293,23230.33108273333
1294,23250.096919294425
1295,23269.86275585552
1296,23284.979578796854
1297,23300.09640173819
1298,23315.213224679523
1299,23328.232831615802
1300,23341.25243855208
1301,23354.27204548836
1302,23367.461954689166
1303,23380.651863889972
1304,23393.84177309078
1305,23408.65918106618
1306,23423.476589041584
1307,23438.293997016986
1308,23456.300857612237
1309,23474.30771820749
1310,23492.31457880274
1311,23512.546278520927
1312,23532.777978239115
1313,23553.009677957303
1314,23575.656878216632
1315,23598.30407847596
1316,23620.95127873529
1317,23646.688624555074
1318,23672.425970374858
1319,23698.16331619464
1320,23724.91796278455
1321,23751.672609374462
1322,23778.427255964372
1323,23808.83193843154
1324,23839.236620898708
1325,23869.641303365876
1326,23903.166995044776
1327,23936.692686723676
1328,23970.218378402576
1329,24002.50670106269
1330,24034.795023722807
1331,24067.083346382922
1332,24096.66614685047
1333,24126.24894731802
1334,24155.83174778557
1335,24185.86738256242
1336,24215.90301733927
1337,24245.93865211612
1338,24272.41811472387
1339,24298.89757733162
1340,24325.37703993937
1341,24346.95272347274
1342,24368.52840700611
1343,24390.10409053948
1344,24407.835231791592
1345,24425.566373043705
1346,24443.297514295817
1347,24455.68617535317
1348,24468.074836410524
1349,24480.463497467877
1350,24489.877066535322
1351,24499.290635602767
1352,24508.70420467021
1353,24521.097287633227
1354,24533.490370596242
1355,24545.883453559258
1356,24564.099121987885
1357,24582.314790416513
1358,24600.53045884514
1359,24622.049435213397
1360,24643.568411581655
1361,24665.087387949912
1362,24689.08911933457
1363,24713.09085071923
1364,24737.092582103887
1365,24761.249893450204
1366,24785.40720479652
1367,24809.564516142837
1368,24829.556495026387
1369,24849.548473909937
1370,24869.540452793488
1371,24889.157564059693
1372,24908.774675325898
1373,24928.391786592103
1374,24948.90316121724
1375,24969.414535842378
1376,24989.925910467515
1377,25010.85716685262
1378,25031.788423237726
1379,25052.71967962283
1380,25071.744180210513
1381,25090.768680798195
1382,25109.793181385878
1383,25130.68033805268
1384,25151.567494719482
1385,25172.454651386284
1386,25192.93214159647
1387,25213.409631806655
1388,25233.88712201684
1389,25251.88355069632
1390,25269.879979375797
1391,25287.876408055276
1392,25304.510736289027
1393,25321.145064522778
1394,25337.77939275653
1395,25357.459484579515
1396,25377.1395764025
1397,25396.819668225486
1398,25419.652526385566
1399,25442.485384545646
1400,25465.318242705725
1401,25489.865550406572
1402,25514.41285810742
1403,25538.960165808265
1404,25559.348521117594
1405,25579.736876426923
1406,25600.125231736252
1407,25614.986696309683
1408,25629.848160883113
1409,25644.709625456544
1410,25656.966880798558
1411,25669.224136140572
1412,25681.481391482586
1413,25690.610068132475
1414,25699.738744782364
1415,25708.867421432253
1416,25712.88183530295
1417,25716.896249173646
1418,25720.910663044342
1419,25722.703503895147
1420,25724.496344745952
1421,25726.289185596757
1422,25729.605539693002
1423,25732.921893789247
1424,25736.238247885492
1425,25741.617160698795
1426,25746.9960735121
1427,25752.3749863254
1428,25761.071893553813
1429,25769.768800782225
1430,25778.465708010637
1431,25786.498576879425
1432,25794.531445748213
1433,25802.564314617
1434,25807.814364842667
1435,25813.064415068333
1436,25818.314465294
1437,25829.16324864369
1438,25840.01203199338
1439,25850.860815343072
1440,25865.282856205853
1441,25879.704897068634
1442,25894.126937931414
1443,25906.344695107917
1444,25918.56245228442
1445,25930.78020946092
1446,25942.16268680379
1447,25953.545164146657
1448,25964.927641489525
1449,25978.275114683358
1450,25991.62258787719
1451,26004.970061071024
1452,26015.913687324144
1453,26026.857313577264
1454,26037.800939830384
1455,26049.644235947006
1456,26061.487532063627
1457,26073.33082818025
1458,26086.752511934475
1459,26100.1741956887
1460,26113.595879442928
1461,26124.51388054228
1462,26135.43188164163
1463,26146.349882740982
1464,26154.856436076436
1465,26163.36298941189
1466,26171.869542747343
1467,26181.609727872434
1468,26191.349912997524
1469,26201.090098122615
1470,26212.186065901893
1471,26223.28203368117
1472,26234.37800146045
1473,26247.71916827185
1474,26261.060335083253
1475,26274.401501894656
1476,26291.825516409826
1477,26309.249530924997
1478,26326.673545440168
1479,26348.41454234672
1480,26370.155539253272
1481,26391.896536159824
1482,26414.261832352648
1483,26436.62712854547
1484,26458.992424738295
1485,26482.175743242475
1486,26505.359061746654
1487,26528.542380250834
1488,26551.104551799064
1489,26573.666723347294
1490,26596.228894895525
1491,26612.711468760353
1492,26629.194042625182
1493,26645.67661649001
1494,26655.490341174762
1495,26665.304065859513
1496,26675.117790544264
1497,26679.907898467194
1498,26684.698006390125
1499,26689.488114313055
1500,26694.816799998556
1501,26700.145485684057
1502,26705.47417136956
1503,26711.430685422998
1504,26717.387199476438
1505,26723.343713529877
1506,26729.343713529877
1507,26735.343713529877
1508,26741.343713529877
1509,26747.784151907177
1510,26754.224590284477
1511,26760.665028661777
1512,26768.702236723155
1513,26776.739444784533
1514,26784.77665284591
1515,26798.415215127352
1516,26812.053777408793
1517,26825.692339690235
1518,26848.6666868484
1519,26871.641034006563
1520,26894.615381164727
1521,26920.124686718005
1522,26945.633992271283
1523,26971.14329782456
1524,26993.591740198168
1525,27016.040182571774
1526,27038.48862494538
1527,27057.41338617397
1528,27076.338147402555
1529,27095.262908631143
1530,27113.871673441303
1531,27132.480438251463
1532,27151.089203061623
1533,27169.658853885147
1534,27188.22850470867
1535,27206.798155532193
1536,27227.851595154396
1537,27248.9050347766
1538,27269.9584743988
1539,27292.719284779298
1540,27315.480095159794
1541,27338.24090554029
1542,27357.535866271573
1543,27376.830827002857
1544,27396.12578773414
1545,27415.251881373224
1546,27434.377975012307
1547,27453.50406865139
1548,27476.311004086067
1549,27499.117939520744
1550,27521.92487495542
1551,27542.1678045924
1552,27562.410734229383
1553,27582.653663866364
1554,27600.729349138557
1555,27618.80503441075
1556,27636.880719682944
1557,27656.218522733612
1558,27675.55632578428
1559,27694.89412883495
1560,27712.582632619604
1561,27730.27113640426
1562,27747.959640188914
1563,27761.760309292968
1564,27775.56097839702
1565,27789.361647501075
1566,27803.541740963763
1567,27817.72183442645
1568,27831.90192788914
1569,27845.556657404053
1570,27859.211386918967
1571,27872.86611643388
1572,27882.341397364813
1573,27891.816678295745
1574,27901.291959226677
1575,27909.355651236045
1576,27917.419343245412
1577,27925.48303525478
1578,27934.348805362064
1579,27943.21457546935
1580,27952.080345576633
1581,27961.433295261548
1582,27970.786244946463
1583,27980.139194631378
1584,27991.898154477745
1585,28003.657114324113
1586,28015.41607417048
1587,28028.530602824052
1588,28041.645131477624
1589,28054.759660131196
1590,28065.961133315646
1591,28077.162606500096
1592,28088.364079684547
1593,28099.68142101791
1594,28110.998762351275
1595,28122.31610368464
1596,28137.285469761056
1597,28152.254835837473
1598,28167.22420191389
1599,28181.304697432326
1600,28195.385192950762
1601,28209.465688469198
1602,28220.965636312532
1603,28232.465584155867
1604,28243.9655319992
1605,28258.12156837554
1606,28272.27760475188
1607,28286.433641128217
1608,28301.33034954292
1609,28316.227057957625
1610,28331.12376637233
1611,28344.700893593716
1612,28358.2780208151
1613,28371.855148036488
1614,28386.786315742786
1615,28401.717483449083
1616,28416.64865115538
1617,28433.891305092387
1618,28451.133959029394
1619,28468.3766129664
1620,28484.151830535702
1621,28499.927048105004
1622,28515.702265674307
1623,28533.94015201168
1624,28552.178038349055
1625,28570.41592468643
1626,28590.200479513514
1627,28609.9850343406
1628,28629.769589167685
1629,28644.58280088763
1630,28659.396012607576
1631,28674.209224327522
1632,28687.53807733963
1633,28700.866930351734
1634,28714.19578336384
1635,28729.469903793793
1636,28744.744024223746
1637,28760.0181446537
1638,28774.135854349617
1639,28788.253564045535
1640,28802.371273741453
1641,28815.192346245203
1642,28828.013418748953
1643,28840.834491252703
1644,28855.077964819167
1645,28869.321438385632
1646,28883.564911952097
1647,28896.527199062744
1648,28909.489486173392
1649,28922.45177328404
1650,28930.853446769273
1651,28939.255120254507
1652,28947.65679373974
1653,28953.71923851811
1654,28959.78168329648
1655,28965.844128074852
1656,28973.68913830206
1657,28981.534148529267
1658,28989.379158756474
1659,28996.743830449424
1660,29004.108502142375
1661,29011.473173835326
1662,29018.755345786278
1663,29026.03751773723
1664,29033.319689688182
1665,29042.728446348727
1666,29052.13720300927
1667,29061.545959669817
1668,29070.94100444966
1669,29080.336049229507
1670,29089.731094009352
1671,29103.333107649712
1672,29116.935121290073
1673,29130.537134930433
1674,29145.376015048285
1675,29160.214895166137
1676,29175.05377528399
1677,29186.57683771875
1678,29198.09990015351
1679,29209.62296258827
1680,29224.049630872145
1681,29238.47629915602
1682,29252.902967439895
1683,29269.229662597823
1684,29285.55635775575
1685,29301.88305291368
1686,29315.003676040422
1687,29328.124299167164
1688,29341.244922293907
1689,29350.7813207232
1690,29360.317719152492
1691,29369.854117581785
1692,29380.227311401097
1693,29390.60050522041
1694,29400.97369903972
1695,29411.054477026228
1696,29421.135255012734
1697,29431.21603299924
1698,29440.739307088286
1699,29450.262581177332
1700,29459.78585526638
1701,29470.251413681595
1702,29480.716972096812
1703,29491.18253051203
1704,29502.035283182762
1705,29512.888035853495
1706,29523.74078852423
1707,29532.238155018444
1708,29540.73552151266
1709,29549.232888006874
1710,29557.36199093295
1711,29565.491093859026
1712,29573.6201967851
1713,29592.720230777984
1714,29611.820264770868
1715,29630.92029876375
1716,29657.530985424448
1717,29684.141672085145
1718,29710.75235874584
1719,29740.83820350609
1720,29770.924048266337
1721,29801.009893026585
1722,29832.87839431173
1723,29864.746895596876
1724,29896.61539688202
1725,29924.58927541507
1726,29952.56315394812
1727,29980.537032481167
1728,30002.624379152367
1729,30024.711725823567
1730,30046.799072494767
1731,30066.198997745516
1732,30085.598922996265
1733,30104.998848247014
1734,30125.532868006747
1735,30146.06688776648
1736,30166.60090752621
1737,30188.996610024322
1738,30211.392312522432
1739,30233.788015020542
1740,30258.242855177778
1741,30282.697695335013
1742,30307.15253549225
1743,30325.229309916784
1744,30343.30608434132
1745,30361.382858765854
1746,30373.461152111704
1747,30385.539445457554
1748,30397.617738803405
1749,30408.774832749725
1750,30419.931926696045
1751,30431.089020642365
1752,30444.600000715087
1753,30458.11098078781
1754,30471.62196086053
1755,30489.116646908074
1756,30506.611332955617
1757,30524.10601900316
1758,30542.662587709132
1759,30561.219156415103
1760,30579.775725121075
1761,30599.475438541518
1762,30619.17515196196
1763,30638.874865382404
1764,30658.182985726595
1765,30677.491106070785
1766,30696.799226414976
1767,30716.13830437941
1768,30735.47738234384
1769,30754.816460308273
1770,30775.740326906103
1771,30796.664193503933
1772,30817.588060101763
1773,30836.817922674232
1774,30856.0477852467
1775,30875.27764781917
1776,30895.565064885137
1777,30915.852481951104
1778,30936.13989901707
1779,30958.6581419839
1780,30981.176384950726
1781,31003.694627917554
1782,31023.570134775444
1783,31043.445641633334
1784,31063.321148491224
1785,31079.303245519637
1786,31095.28534254805
1787,31111.267439576462
1788,31131.273346771595
1789,31151.279253966728
1790,31171.28516116186
1791,31195.113798215945
1792,31218.94243527003
1793,31242.771072324114
1794,31269.30036277611
1795,31295.829653228106
1796,31322.3589436801
1797,31354.256918233903
1798,31386.154892787705
1799,31418.052867341506
1800,31452.43166107428
1801,31486.81045480705
1802,31521.189248539824
1803,31552.99812092758
1804,31584.806993315335
1805,31616.61586570309
1806,31648.246340749352
1807,31679.876815795615
1808,31711.507290841877
1809,31741.605074706644
1810,31771.70285857141
1811,31801.800642436177
1812,31829.12774750888
1813,31856.45485258158
1814,31883.781957654282
1815,31908.36624777296
1816,31932.950537891636
1817,31957.534828010314
1818,31982.60337803615
1819,32007.671928061987
1820,32032.740478087824
1821,32059.67427448766
1822,32086.608070887498
1823,32113.541867287335
1824,32141.381861626436
1825,32169.221855965538
1826,32197.06185030464
1827,32221.961194520776
1828,32246.860538736913
1829,32271.75988295305
1830,32292.812182702244
1831,32313.864482451438
1832,32334.91678220063
1833,32354.609837438307
1834,32374.302892675983
1835,32393.99594791366
1836,32416.938863285
1837,32439.881778656338
1838,32462.824694027677
1839,32487.441451735627
1840,32512.058209443578
1841,32536.674967151528
1842,32559.81582269037
1843,32582.95667822921
1844,32606.09753376805
1845,32629.798930720655
1846,32653.50032767326
1847,32677.201724625866
1848,32702.08855270624
1849,32726.97538078661
1850,32751.862208866984
1851,32776.244448498204
1852,32800.62668812943
1853,32825.00892776065
1854,32849.21699294937
1855,32873.425058138084
1856,32897.6331233268
1857,32921.0021022672
1858,32944.3710812076
1859,32967.740060148004
1860,32996.03815832689
1861,33024.336256505776
1862,33052.63435468466
1863,33080.00711270195
1864,33107.37987071923
1865,33134.75262873652
1866,33157.56194941155
1867,33180.37127008659
1868,33203.18059076162
1869,33225.22650136404
1870,33247.27241196646
1871,33269.318322568884
1872,33291.85701089392
1873,33314.39569921895
1874,33336.93438754398
1875,33359.62148501728
1876,33382.30858249057
1877,33404.99567996387
1878,33430.98486550054
1879,33456.974051037214
1880,33482.96323657389
1881,33512.556512993106
1882,33542.149789412324
1883,33571.74306583154
1884,33593.66145577669
1885,33615.57984572183
1886,33637.49823566698
1887,33654.38995290821
1888,33671.281670149445
1889,33688.17338739068
1890,33705.79847589051
1891,33723.42356439034
1892,33741.04865289017
1893,33761.093272527316
1894,33781.137892164465
1895,33801.18251180161
1896,33823.56997637268
1897,33845.95744094375
1898,33868.344905514816
1899,33892.020209798844
1900,33915.69551408287
1901,33939.3708183669
1902,33962.92958385507
1903,33986.488349343235
1904,34010.0471148314
1905,34034.862060051564
1906,34059.677005271726
1907,34084.49195049189
1908,34112.210881424435
1909,34139.92981235698
1910,34167.64874328953
1911,34195.51838160287
1912,34223.388019916216
1913,34251.25765822956
1914,34274.65059250447
1915,34298.04352677938
1916,34321.43646105429
1917,34342.21253541878
1918,34362.98860978327
1919,34383.76468414776
1920,34403.88559419862
1921,34424.006504249475
1922,34444.12741430033
1923,34464.11661045995
1924,34484.10580661956
1925,34504.09500277918
1926,34527.582007761186
1927,34551.069012743195
1928,34574.556017725205
1929,34601.38401650329
1930,34628.21201528137
1931,34655.04001405946
1932,34682.668284135005
1933,34710.29655421055
1934,34737.9248242861
1935,34768.29108230536
1936,34798.65734032462
1937,34829.02359834388
1938,34858.67428316238
1939,34888.32496798087
1940,34917.97565279937
1941,34943.70583107587
1942,34969.43600935238
1943,34995.166187628885
1944,35018.686483063975
1945,35042.206778499065
1946,35065.727073934155
1947,35090.00412387409
1948,35114.28117381402
1949,35138.55822375396
1950,35168.65884451661
1951,35198.75946527927
1952,35228.860086041925
1953,35260.525545321456
1954,35292.19100460099
1955,35323.85646388052
1956,35348.45038699683
1957,35373.044310113146
1958,35397.63823322946
1959,35416.364334344114
1960,35435.09043545877
1961,35453.816536573424
1962,35471.10003402436
1963,35488.3835314753
1964,35505.66702892624
1965,35517.9065729174
1966,35530.14611690857
1967,35542.38566089973
1968,35548.108473044136
1969,35553.83128518854
1970,35559.55409733295
1971,35562.622082809765
1972,35565.69006828658
1973,35568.7580537634
1974,35574.15203085374
1975,35579.546007944075
1976,35584.93998503441
1977,35590.91640799479
1978,35596.89283095516
1979,35602.86925391554
1980,35609.19520934498
1981,35615.52116477442
1982,35621.84712020386
1983,35631.572044235385
1984,35641.296968266906
1985,35651.02189229843
1986,35663.871229687364
1987,35676.7205670763
1988,35689.569904465236
1989,35703.88368059686
1990,35718.197456728485
1991,35732.51123286011
1992,35748.82109051056
1993,35765.13094816101
1994,35781.44080581146
1995,35802.733583632486
1996,35824.026361453514
1997,35845.31913927454
1998,35864.650979223275
1999,35883.98281917201
2000,35903.31465912074
2001,35917.11946640725
2002,35930.92427369375
2003,35944.72908098026
2004,35958.63202521536
2005,35972.53496945046
2006,35986.437913685564
2007,36002.36384393617
2008,36018.28977418677
2009,36034.215704437374
2010,36051.67712335719
2011,36069.13854227701
2012,36086.59996119683
2013,36109.8054921342
2014,36133.011023071565
2015,36156.21655400893
2016,36181.22245906314
2017,36206.22836411734
2018,36231.234269171546
2019,36252.372063094896
2020,36273.509857018245
2021,36294.647650941595
2022,36312.627787722064
2023,36330.60792450253
2024,36348.588061283
2025,36366.7200927558
2026,36384.8521242286
2027,36402.9841557014
2028,36419.24167089662
2029,36435.49918609184
2030,36451.75670128706
2031,36464.93133599137
2032,36478.10597069569
2033,36491.2806054
2034,36502.77986679638
2035,36514.27912819276
2036,36525.77838958913
2037,36537.66043311085
2038,36549.54247663256
2039,36561.42452015427
2040,36575.393245100946
2041,36589.36197004762
2042,36603.33069499429
2043,36621.75873841702
2044,36640.186781839744
2045,36658.61482526247
2046,36679.93020842581
2047,36701.24559158915
2048,36722.56097475249
2049,36746.710870078394
2050,36770.8607654043
2051,36795.01066073021
2052,36825.28736834233
2053,36855.564075954455
2054,36885.84078356658
2055,36921.83083292893
2056,36957.82088229128
2057,36993.81093165363
2058,37028.95103047044
2059,37064.09112928725
2060,37099.23122810406
2061,37137.120465382905
2062,37175.00970266175
2063,37212.8989399406
2064,37250.902494342125
2065,37288.90604874365
2066,37326.90960314518
2067,37356.25612858174
2068,37385.60265401831
2069,37414.949179454874
2070,37439.532232945
2071,37464.115286435124
2072,37488.69833992525
2073,37515.66497470435
2074,37542.63160948345
2075,37569.598244262546
2076,37593.85078411102
2077,37618.10332395949
2078,37642.35586380796
2079,37668.87025397844
2080,37695.38464414892
2081,37721.8990343194
2082,37749.67729173821
2083,37777.45554915702
2084,37805.23380657583
2085,37830.4957355484
2086,37855.75766452097
2087,37881.01959349354
2088,37905.07040333045
2089,37929.12121316736
2090,37953.17202300427
2091,37978.43141846504
2092,38003.690813925816
2093,38028.95020938659
2094,38053.38447529903
2095,38077.81874121148
2096,38102.25300712392
2097,38121.88518747226
2098,38141.5173678206
2099,38161.149548168934
2100,38181.68095643324
2101,38202.21236469755
2102,38222.74377296186
2103,38246.37444743809
2104,38270.00512191431
2105,38293.63579639054
2106,38318.753255103235
2107,38343.87071381593
2108,38368.988172528625
2109,38398.381844514515
2110,38427.775516500406
2111,38457.169188486296
2112,38488.01059111181
2113,38518.85199373732
2114,38549.69339636283
2115,38576.381522707874
2116,38603.069649052915
2117,38629.75777539796
2118,38651.05299845638
2119,38672.348221514796
2120,38693.643444573216
2121,38712.34511186981
2122,38731.0467791664
2123,38749.74844646299
2124,38768.4369023987
2125,38787.125358334415
2126,38805.81381427013
2127,38827.36518172028
2128,38848.916549170426
2129,38870.467916620575
2130,38893.33582107496
2131,38916.20372552934
2132,38939.07162998372
2133,38958.543475006605
2134,38978.01532002949
2135,38997.48716505237
2136,39015.270222190644
2137,39033.05327932892
2138,39050.83633646719
2139,39065.40996417775
2140,39079.98359188831
2141,39094.55721959887
2142,39107.025877017964
2143,39119.49453443706
2144,39131.96319185615
2145,39145.13628537849
2146,39158.30937890083
2147,39171.482472423166
2148,39185.34175236848
2149,39199.20103231379
2150,39213.0603122591
2151,39226.96293674652
2152,39240.865561233935
2153,39254.768185721354
2154,39271.53464409008
2155,39288.30110245881
2156,39305.06756082754
2157,39323.764303422664
2158,39342.46104601779
2159,39361.15778861291
2160,39376.56826687353
2161,39391.978745134154
2162,39407.38922339478
2163,39423.03469851598
2164,39438.68017363718
2165,39454.32564875838
2166,39472.77870513105
2167,39491.231761503725
2168,39509.6848178764
2169,39529.4411343111
2170,39549.1974507458
2171,39568.9537671805
2172,39593.50213951714
2173,39618.050511853784
2174,39642.598884190425
2175,39666.75547652351
2176,39690.912068856596
2177,39715.06866118968
2178,39736.64440583393
2179,39758.220150478184
2180,39779.795895122435
2181,39796.325113879226
2182,39812.854332636016
2183,39829.383551392806
2184,39845.29450304014
2185,39861.20545468747
2186,39877.116406334804
2187,39891.14363130289
2188,39905.170856270975
2189,39919.19808123906
2190,39928.96672528569
2191,39938.73536933232
2192,39948.504013378944
2193,39954.490439992536
2194,39960.47686660613
2195,39966.46329321972
2196,39972.60500421237
2197,39978.746715205016
2198,39984.888426197664
2199,39991.39084468702
2200,39997.893263176375
2201,40004.39568166573
2202,40012.823306634884
2203,40021.25093160404
2204,40029.67855657319
2205,40038.06841264137
2206,40046.458268709546
2207,40054.84812477772
2208,40062.573854136244
2209,40070.299583494765
2210,40078.025312853286
2211,40086.25629431933
2212,40094.48727578538
2213,40102.71825725143
2214,40111.49020686355
2215,40120.26215647567
2216,40129.03410608779
2217,40138.194378366876
2218,40147.35465064596
2219,40156.514922925046
2220,40166.925401000495
2221,40177.335879075945
2222,40187.746357151394
2223,40201.19714011181
2224,40214.64792307223
2225,40228.09870603265
2226,40242.962262956804
2227,40257.825819880956
2228,40272.68937680511
2229,40285.824357420104
2230,40298.9593380351
2231,40312.094318650095
2232,40322.286437873
2233,40332.47855709591
2234,40342.67067631881
2235,40353.86037378507
2236,40365.05007125133
2237,40376.23976871759
2238,40389.57929531913
2239,40402.91882192066
2240,40416.2583485222
2241,40431.25379393372
2242,40446.24923934524
2243,40461.24468475676
2244,40471.17920580987
2245,40481.11372686298
2246,40491.04824791609
2247,40499.36488695114
2248,40507.68152598618
2249,40515.99816502123
2250,40531.24473934872
2251,40546.491313676204
2252,40561.73788800369
2253,40580.45323031766
2254,40599.16857263163
2255,40617.883914945596
2256,40639.03447031718
2257,40660.18502568876
2258,40681.335581060346
2259,40704.52806583221
2260,40727.72055060407
2261,40750.91303537593
2262,40774.630241766106
2263,40798.34744815628
2264,40822.064654546455
2265,40840.00460985567
2266,40857.944565164886
2267,40875.8845204741
2268,40891.78345631537
2269,40907.68239215663
2270,40923.5813279979
2271,40941.58718595082
2272,40959.59304390374
2273,40977.59890185666
2274,40992.537401344176
2275,41007.47590083169
2276,41022.414400319205
2277,41033.7586770269
2278,41045.10295373459
2279,41056.44723044228
2280,41067.684133624185
2281,41078.92103680609
2282,41090.15793998799
2283,41103.87663304326
2284,41117.59532609853
2285,41131.314019153804
2286,41146.082531387525
2287,41160.851043621245
2288,41175.619555854966
2289,41187.56878663072
2290,41199.51801740647
2291,41211.46724818223
2292,41219.41521593525
2293,41227.36318368828
2294,41235.3111514413
2295,41242.91205907089
2296,41250.51296670048
2297,41258.11387433007
2298,41268.31981071216
2299,41278.525747094245
2300,41288.73168347633
2301,41301.418126052056
2302,41314.10456862778
2303,41326.7910112035
2304,41341.672966563194
2305,41356.554921922885
2306,41371.43687728258
2307,41386.90467671791
2308,41402.37247615324
2309,41417.840275588576
2310,41432.20793130974
2311,41446.57558703091
2312,41460.94324275207
2313,41476.09627546633
2314,41491.24930818058
2315,41506.402340894834
2316,41523.065443601045
2317,41539.728546307255
2318,41556.391649013465
2319,41571.66479483647
2320,41586.937940659474
2321,41602.21108648248
2322,41613.5290537658
2323,41624.84702104912
2324,41636.16498833244
2325,41645.601466698456
2326,41655.03794506447
2327,41664.47442343048
2328,41676.85382408453
2329,41689.23322473858
2330,41701.61262539263
2331,41713.407209990146
2332,41725.201794587665
2333,41736.996379185184
2334,41744.96619176551
2335,41752.93600434584
2336,41760.90581692616
2337,41767.337133293135
2338,41773.76844966011
2339,41780.19976602708
2340,41785.69912481505
2341,41791.198483603024
2342,41796.697842391
2343,41804.36320331318
2344,41812.02856423536
2345,41819.693925157546
2346,41828.90041676659
2347,41838.10690837564
2348,41847.31339998468
2349,41856.78541867811
2350,41866.25743737154
2351,41875.72945606497
2352,41883.195099201876
2353,41890.66074233878
2354,41898.12638547569
2355,41904.466316267
2356,41910.8062470583
2357,41917.14617784961
2358,41923.6747156147
2359,41930.2032533798
2360,41936.73179114489
2361,41942.93620095032
2362,41949.14061075574
2363,41955.345020561166
2364,41965.61154986361
2365,41975.87807916606
2366,41986.14460846851
2367,41998.65150511101
2368,42011.15840175351
2369,42023.665298396016
2370,42034.301387897554
2371,42044.93747739909
2372,42055.57356690063
2373,42065.11246018338
2374,42074.65135346613
2375,42084.190246748876
2376,42093.90646068191
2377,42103.62267461494
2378,42113.33888854797
2379,42123.360536717344
2380,42133.382184886716
2381,42143.40383305609
2382,42148.96131448547
2383,42154.518795914846
2384,42160.076277344226
2385,42161.6437934006
2386,42163.21130945698
2387,42164.77882551336
2388,42165.095643524335
2389,42165.412461535314
2390,42165.72927954629
2391,42166.31444718019
2392,42166.899614814094
2393,42167.484782447995
2394,42170.301293176424
2395,42173.117803904854
2396,42175.93431463328
2397,42181.96667625415
2398,42187.99903787502
2399,42194.03139949589
2400,42204.275069412855
2401,42214.51873932982
2402,42224.76240924678
2403,42238.72667250946
2404,42252.69093577214
2405,42266.655199034816
2406,42282.82473679763
2407,42298.99427456044
2408,42315.163812323255
2409,42332.85508995307
2410,42350.54636758288
2411,42368.23764521269
2412,42385.758789772925
2413,42403.27993433316
2414,42420.80107889339
2415,42433.95246359612
2416,42447.10384829885
2417,42460.25523300158
2418,42471.25153364076
2419,42482.24783427994
2420,42493.244134919114
2421,42509.93203263121
2422,42526.6199303433
2423,42543.3078280554
2424,42562.77033202802
2425,42582.23283600064
2426,42601.69533997327
2427,42619.08509006175
2428,42636.47484015024
2429,42653.86459023872
2430,42669.77007575767
2431,42685.675561276614
2432,42701.58104679556
2433,42716.25209301565
2434,42730.92313923575
2435,42745.59418545584
2436,42757.10786120368
2437,42768.62153695152
2438,42780.13521269936
2439,42790.98403737195
2440,42801.83286204454
2441,42812.68168671713
2442,42825.02713715864
2443,42837.372587600155
2444,42849.71803804167
2445,42860.32833144544
2446,42870.93862484921
2447,42881.54891825298
2448,42892.38574940152
2449,42903.22258055006
2450,42914.059411698596
2451,42928.11930665461
2452,42942.17920161063
2453,42956.23909656664
2454,42971.51804054236
2455,42986.79698451808
2456,43002.075928493796
2457,43016.13067276225
2458,43030.185417030705
2459,43044.24016129916
2460,43060.09646222134
2461,43075.95276314353
2462,43091.80906406571
2463,43116.43736703269
2464,43141.06566999967
2465,43165.69397296665
2466,43194.21920136974
2467,43222.744429772836
2468,43251.26965817593
2469,43278.35058316832
2470,43305.43150816071
2471,43332.512433153104
2472,43358.62953294336
2473,43384.74663273362
2474,43410.86373252388
2475,43432.41756537055
2476,43453.971398217225
2477,43475.5252310639
2478,43493.24615096594
2479,43510.967070867984
2480,43528.68799077003
2481,43547.11996442861
2482,43565.55193808719
2483,43583.983911745774
2484,43600.2000662251
2485,43616.41622070443
2486,43632.632375183755
2487,43645.06874811173
2488,43657.5051210397
2489,43669.94149396767
2490,43682.64915355438
2491,43695.356813141094
2492,43708.064472727805
2493,43725.812357931405
2494,43743.560243135005
2495,43761.308128338605
2496,43783.51629885305
2497,43805.724469367495
2498,43827.93263988194
2499,43853.93871694273
2500,43879.94479400352
2501,43905.950871064306
2502,43930.36325073218
2503,43954.77563040006
2504,43979.188010067934
2505,43999.63607228023
2506,44020.08413449252
2507,44040.532196704815
2508,44058.52464167796
2509,44076.51708665111
2510,44094.50953162426
2511,44113.899933157416
2512,44133.29033469057
2513,44152.68073622373
2514,44174.01034977456
2515,44195.33996332539
2516,44216.669576876215
2517,44237.8792566791
2518,44259.08893648199
2519,44280.298616284876
2520,44299.363844454434
2521,44318.42907262399
2522,44337.49430079355
2523,44360.80998304535
2524,44384.12566529715
2525,44407.44134754895
2526,44435.96932528097
2527,44464.497303012984
2528,44493.025280745
2529,44520.01740927031
2530,44547.00953779562
2531,44574.001666320924
2532,44603.013260257074
2533,44632.02485419322
2534,44661.03644812937
2535,44696.5634445784
2536,44732.09044102743
2537,44767.61743747646
2538,44805.81919462595
2539,44844.020951775434
2540,44882.22270892492
2541,44913.856451114145
2542,44945.49019330337
2543,44977.12393549259
2544,45000.49306814342
2545,45023.86220079425
2546,45047.231333445074
2547,45067.103472928095
2548,45086.975612411115
2549,45106.847751894136
2550,45126.216629679904
2551,45145.58550746567
2552,45164.95438525144
2553,45184.034218108965
2554,45203.11405096649
2555,45222.19388382402
2556,45243.29725306517
2557,45264.40062230632
2558,45285.50399154747
2559,45305.2272367225
2560,45324.95048189753
2561,45344.673727072564
2562,45362.4597660749
2563,45380.24580507723
2564,45398.03184407957
2565,45413.26661599782
2566,45428.50138791607
2567,45443.73615983432
2568,45460.013525214155
2569,45476.29089059399
2570,45492.56825597383
2571,45514.890300353334
2572,45537.21234473284
2573,45559.53438911235
2574,45583.9695000632
2575,45608.40461101405
2576,45632.8397219649
2577,45653.33359332482
2578,45673.82746468475
2579,45694.321336044675
2580,45711.48967500845
2581,45728.65801397223
2582,45745.826352936005
2583,45762.81667193542
2584,45779.806990934834
2585,45796.79730993425
2586,45811.501928210775
2587,45826.2065464873
2588,45840.91116476383
2589,45855.97503020806
2590,45871.03889565229
2591,45886.10276109652
2592,45903.96110743854
2593,45921.81945378056
2594,45939.67780012258
2595,45957.702547137684
2596,45975.727294152784
2597,45993.752041167885
2598,46011.91191186758
2599,46030.07178256728
2600,46048.23165326697
2601,46068.69017740971
2602,46089.148701552454
2603,46109.607225695196
2604,46129.67252905367
2605,46149.737832412146
2606,46169.80313577062
2607,46185.19048689218
2608,46200.577838013734
2609,46215.96518913529
2610,46226.59915500358
2611,46237.233120871875
2612,46247.86708674017
2613,46257.287365845616
2614,46266.707644951064
2615,46276.12792405651
2616,46285.53877317843
2617,46294.949622300344
2618,46304.36047142226
2619,46316.877503813856
2620,46329.39453620545
2621,46341.91156859705
2622,46358.29815519556
2623,46374.68474179407
2624,46391.07132839259
2625,46407.79830954081
2626,46424.52529068904
2627,46441.252271837264
2628,46458.49270795691
2629,46475.733144076556
2630,46492.9735801962
2631,46514.891489166876
2632,46536.80939813755
2633,46558.72730710822
2634,46583.525274817475
2635,46608.32324252673
2636,46633.12121023598
2637,46662.32461219605
2638,46691.528014156116
2639,46720.731416116185
2640,46748.248878895974
2641,46775.766341675764
2642,46803.283804455554
2643,46827.340443396875
2644,46851.3970823382
2645,46875.45372127952
2646,46900.7579754856
2647,46926.06222969168
2648,46951.36648389776
2649,46973.0071332154
2650,46994.64778253304
2651,47016.28843185068
2652,47032.91006417178
2653,47049.531696492886
2654,47066.15332881399
2655,47081.94567860226
2656,47097.73802839052
2657,47113.53037817879
2658,47128.61993035061
2659,47143.70948252243
2660,47158.799034694246
2661,47176.16208421671
2662,47193.525133739175
2663,47210.88818326164
2664,47230.772665461
2665,47250.657147660364
2666,47270.54162985973
2667,47288.23380213047
2668,47305.92597440121
2669,47323.61814667195
2670,47338.48796773806
2671,47353.35778880417
2672,47368.22760987028
2673,47384.660078975394
2674,47401.09254808051
2675,47417.525017185624
2676,47438.60640371316
2677,47459.68779024069
2678,47480.769176768226
2679,47505.17179332428
2680,47529.57440988034
2681,47553.9770264364
2682,47579.93517561842
2683,47605.89332480044
2684,47631.85147398246
2685,47655.26101804634
2686,47678.670562110216
2687,47702.08010617409
2688,47724.78364177356
2689,47747.48717737303
2690,47770.19071297249
2691,47796.17625339688
2692,47822.161793821266
2693,47848.14733424565
2694,47878.5908455064
2695,47909.034356767144
2696,47939.47786802789
2697,47972.39756498858
2698,48005.317261949276
2699,48038.23695890997
2700,48069.23781793484
2701,48100.23867695971
2702,48131.239535984576
2703,48157.899964221964
2704,48184.56039245935
2705,48211.22082069674
2706,48232.628926019665
2707,48254.03703134259
2708,48275.44513666551
2709,48296.88489844832
2710,48318.32466023113
2711,48339.764422013934
2712,48362.949152873305
2713,48386.13388373268
2714,48409.31861459205
2715,48430.03861062231
2716,48450.75860665257
2717,48471.47860268283
2718,48489.86529397648
2719,48508.25198527013
2720,48526.63867656378
2721,48545.143052619045
2722,48563.64742867431
2723,48582.151804729576
2724,48600.129830820835
2725,48618.107856912095
2726,48636.085883003354
2727,48653.60697801835
2728,48671.12807303335
2729,48688.64916804835
2730,48704.87937508373
2731,48721.109582119105
2732,48737.33978915448
2733,48752.80375683773
2734,48768.267724520985
2735,48783.73169220424
2736,48801.33345558328
2737,48818.93521896232
2738,48836.53698234136
2739,48856.68593316924
2740,48876.83488399712
2741,48896.983834825005
2742,48915.30237951009
2743,48933.62092419517
2744,48951.93946888026
2745,48972.64711091475
2746,48993.35475294925
2747,49014.062394983746
2748,49039.29345400797
2749,49064.5245130322
2750,49089.75557205643
2751,49113.973873343726
2752,49138.192174631025
2753,49162.410475918325
2754,49182.583358847114
2755,49202.7562417759
2756,49222.92912470469
2757,49239.853205628526
2758,49256.77728655236
2759,49273.70136747619
2760,49289.84598954534
2761,49305.99061161449
2762,49322.13523368364
2763,49341.482843763115
2764,49360.83045384259
2765,49380.17806392206
2766,49399.355468465634
2767,49418.53287300921
2768,49437.71027755278
2769,49453.78931359507
2770,49469.86834963736
2771,49485.947385679654
2772,49499.63023934837
2773,49513.31309301709
2774,49526.995946685805
2775,49542.3041995777
2776,49557.6124524696
2777,49572.920705361495
2778,49587.07708988364
2779,49601.23347440579
2780,49615.389858927934
2781,49630.17859960085
2782,49644.96734027376
2783,49659.756080946674
2784,49677.51569199112
2785,49695.27530303556
2786,49713.03491408
2787,49727.846194733655
2788,49742.65747538731
2789,49757.46875604096
2790,49768.33999338252
2791,49779.21123072408
2792,49790.082468065644
2793,49799.07287788761
2794,49808.06328770957
2795,49817.05369753153
2796,49824.32613988057
2797,49831.598582229606
2798,49838.87102457864
2799,49846.613749132455
2800,49854.35647368627
2801,49862.09919824008
2802,49870.641824829436
2803,49879.18445141879
2804,49887.727078008145
2805,49895.00345679192
2806,49902.2798355757
2807,49909.55621435947
2808,49915.76495995264
2809,49921.97370554581
2810,49928.18245113898
2811,49935.21555131657
2812,49942.24865149416
2813,49949.281751671755
2814,49958.59081464585
2815,49967.89987761995
2816,49977.20894059405
2817,49988.86568809939
2818,50000.522435604726
2819,50012.17918311006
2820,50029.568665516475
2821,50046.95814792289
2822,50064.3476303293
2823,50083.29295075432
2824,50102.23827117935
2825,50121.18359160437
2826,50138.52760737775
2827,50155.87162315113
2828,50173.21563892451
2829,50188.56096061387
2830,50203.90628230323
2831,50219.25160399259
2832,50235.5259210708
2833,50251.800238149015
2834,50268.07455522723
2835,50281.10439400303
2836,50294.13423277883
2837,50307.16407155463
2838,50316.43445373811
2839,50325.70483592159
2840,50334.97521810507
2841,50347.42237704887
2842,50359.869535992664
2843,50372.31669493646
2844,50386.64867322184
2845,50400.98065150722
2846,50415.3126297926
2847,50428.939151938175
2848,50442.56567408375
2849,50456.19219622933
2850,50468.53290148916
2851,50480.873606748995
2852,50493.21431200883
2853,50505.19553764102
2854,50517.17676327321
2855,50529.1579889054
2856,50544.48324807314
2857,50559.80850724089
2858,50575.13376640863
2859,50595.957177988166
2860,50616.7805895677
2861,50637.604001147236
2862,50656.72439543701
2863,50675.84478972679
2864,50694.96518401657
2865,50711.51406001725
2866,50728.06293601794
2867,50744.61181201862
2868,50759.74192201981
2869,50774.872032021005
2870,50790.0021420222
2871,50801.658603995944
2872,50813.31506596969
2873,50824.97152794344
2874,50835.99653256984
2875,50847.02153719625
2876,50858.04654182265
2877,50870.00116500345
2878,50881.95578818425
2879,50893.91041136505
2880,50906.78668551612
2881,50919.66295966719
2882,50932.539233818265
2883,50944.88344208454
2884,50957.22765035081
2885,50969.571858617084
2886,50981.96812992098
2887,50994.36440122487
2888,51006.76067252876
2889,51019.7947780607
2890,51032.828883592636
2891,51045.86298912457
2892,51054.739466951
2893,51063.61594477743
2894,51072.492422603864
2895,51079.03552925354
2896,51085.57863590321
2897,51092.12174255289
2898,51100.837616509394
2899,51109.5534904659
2900,51118.269364422405
2901,51129.91235816014
2902,51141.55535189787
2903,51153.1983456356
2904,51172.13290679253
2905,51191.06746794946
2906,51210.00202910639
2907,51232.93520096679
2908,51255.86837282719
2909,51278.801544687594
2910,51300.963073437786
2911,51323.12460218798
2912,51345.28613093817
2913,51366.64443213054
2914,51388.00273332291
2915,51409.36103451528
2916,51429.87132622275
2917,51450.381617930216
2918,51470.891909637685
2919,51488.09098983258
2920,51505.29007002747
2921,51522.48915022236
2922,51534.61949484945
2923,51546.74983947654
2924,51558.88018410363
2925,51570.02500144443
2926,51581.16981878523
2927,51592.31463612603
2928,51604.30810859839
2929,51616.301581070744
2930,51628.2950535431
2931,51641.40992588672
2932,51654.52479823034
2933,51667.63967057396
2934,51683.43461435026
2935,51699.229558126564
2936,51715.024501902866
2937,51731.812569489375
2938,51748.600637075884
2939,51765.38870466239
2940,51787.23574632533
2941,51809.08278798826
2942,51830.9298296512
2943,51857.22429505271
2944,51883.518760454215
2945,51909.81322585572
2946,51932.6209098826
2947,51955.42859390948
2948,51978.236277936354
2949,51998.134379771676
2950,52018.032481607
2951,52037.93058344232
2952,52059.14874748801
2953,52080.3669115337
2954,52101.585075579394
2955,52126.64651928605
2956,52151.7079629927
2957,52176.76940669936
2958,52203.95933890163
2959,52231.1492711039
2960,52258.339203306175
2961,52286.17170997709
2962,52314.004216648005
2963,52341.83672331892
2964,52370.34061229469
2965,52398.84450127046
2966,52427.34839024623
2967,52453.09977061947
2968,52478.851150992705
2969,52504.60253136594
2970,52533.12852366113
2971,52561.65451595632
2972,52590.180508251506
2973,52621.30194235543
2974,52652.42337645935
2975,52683.544810563275
2976,52708.19430199563
2977,52732.84379342799
2978,52757.49328486034
2979,52774.78845387882
2980,52792.0836228973
2981,52809.37879191578
2982,52827.48998513986
2983,52845.60117836394
2984,52863.71237158802
2985,52884.7390392795
2986,52905.765706970975
2987,52926.79237466245
2988,52947.85418711638
2989,52968.915999570316
2990,52989.97781202425
2991,53009.10850626535
2992,53028.239200506454
2993,53047.36989474756
2994,53067.31061316623
2995,53087.2513315849
2996,53107.19205000357
2997,53129.51126553113
2998,53151.83048105869
2999,53174.14969658625
3000,53197.974249843515
3001,53221.79880310078
3002,53245.62335635804
3003,53268.98048359895
3004,53292.33761083986
3005,53315.69473808077
3006,53336.08086523315
3007,53356.466992385525
3008,53376.853119537904
3009,53392.49237379934
3010,53408.13162806077
3011,53423.770882322206
3012,53438.39338061402
3013,53453.01587890583
3014,53467.63837719765
3015,53484.920281389044
3016,53502.20218558044
3017,53519.48408977184
3018,53537.88173132503
3019,53556.27937287823
3020,53574.67701443142
3021,53592.11610483802
3022,53609.555195244626
3023,53626.99428565123
3024,53644.08079775246
3025,53661.16730985369
3026,53678.253821954924
3027,53696.23832788406
3028,53714.22283381319
3029,53732.20733974232
3030,53750.04931540636
3031,53767.891291070395
3032,53785.73326673443
3033,53804.20830024932
3034,53822.6833337642
3035,53841.15836727909
3036,53859.73288034543
3037,53878.30739341177
3038,53896.88190647811
3039,53915.36722000304
3040,53933.85253352797
3041,53952.3378470529
3042,53970.09865220543
3043,53987.85945735796
3044,54005.62026251049
3045,54018.65745983912
3046,54031.694657167754
3047,54044.731854496385
3048,54054.350880717924
3049,54063.96990693946
3050,54073.588933161
3051,54083.02665029654
3052,54092.464367432076
3053,54101.90208456761
3054,54113.42041993026
3055,54124.93875529291
3056,54136.45709065556
3057,54148.44017057476
3058,54160.42325049396
3059,54172.406330413156
3060,54184.526689962266
3061,54196.647049511375
3062,54208.767409060485
3063,54221.58398163699
3064,54234.4005542135
3065,54247.217126790005
3066,54260.02604295554
3067,54272.83495912108
3068,54285.643875286616
3069,54297.495903494644
3070,54309.34793170267
3071,54321.1999599107
3072,54333.60707378727
3073,54346.014187663844
3074,54358.42130154042
3075,54369.83609813329
3076,54381.25089472616
3077,54392.66569131903
3078,54402.521450805296
3079,54412.37721029156
3080,54422.232969777826
3081,54432.83158206379
3082,54443.43019434975
3083,54454.02880663571
3084,54472.24469623519
3085,54490.46058583467
3086,54508.67647543415
3087,54532.00524706338
3088,54555.334018692614
3089,54578.66279032185
3090,54600.21168121585
3091,54621.76057210985
3092,54643.309463003854
3093,54668.42864625504
3094,54693.54782950622
3095,54718.6670127574
3096,54747.772862524915
3097,54776.878712292426
3098,54805.98456205994
3099,54836.19863884665
3100,54866.412715633356
3101,54896.626792420066
3102,54924.1384455558
3103,54951.650098691534
3104,54979.16175182727
3105,55003.81156265936
3106,55028.461373491446
3107,55053.111184323534
3108,55074.79193194477
3109,55096.472679566
3110,55118.15342718724
3111,55138.8306433142
3112,55159.50785944116
3113,55180.18507556812
3114,55201.123962934806
3115,55222.06285030149
3116,55243.00173766817
3117,55266.86004971796
3118,55290.718361767744
3119,55314.57667381753
3120,55340.94237412784
3121,55367.308074438144
3122,55393.67377474845
3123,55417.50772302789
3124,55441.34167130733
3125,55465.17561958677
3126,55486.99821324474
3127,55508.82080690271
3128,55530.64340056068
3129,55553.40883292675
3130,55576.174265292815
3131,55598.93969765888
3132,55618.44805454788
3133,55637.95641143688
3134,55657.46476832587
3135,55674.3962678846
3136,55691.32776744333
3137,55708.25926700205
3138,55724.23327652972
3139,55740.20728605738
3140,55756.18129558505
3141,55773.55758683006
3142,55790.93387807507
3143,55808.31016932008
3144,55828.497370593584
3145,55848.68457186709
3146,55868.87177314059
3147,55890.40500166102
3148,55911.93823018145
3149,55933.471458701875
3150,55956.036364090265
3151,55978.601269478655
3152,56001.166174867045
3153,56025.549808552896
3154,56049.93344223875
3155,56074.3170759246
3156,56098.34487624043
3157,56122.37267655626
3158,56146.40047687209
3159,56167.34170951579
3160,56188.282942159494
3161,56209.224174803196
3162,56228.546427605404
3163,56247.86868040761
3164,56267.19093320982
3165,56289.87327078092
3166,56312.55560835201
3167,56335.23794592311
3168,56355.14002972395
3169,56375.042113524796
3170,56394.94419732564
3171,56411.33853292978
3172,56427.73286853392
3173,56444.127204138065
3174,56459.79585223369
3175,56475.46450032932
3176,56491.133148424946
3177,56509.791481947555
3178,56528.449815470165
3179,56547.108148992775
3180,56570.21956554768
3181,56593.33098210259
3182,56616.4423986575
3183,56639.47644806245
3184,56662.5104974674
3185,56685.544546872356
3186,56702.958875923716
3187,56720.373204975076
3188,56737.787534026436
3189,56751.9145951315
3190,56766.041656236564
3191,56780.16871734163
3192,56795.518778164864
3193,56810.8688389881
3194,56826.218899811334
3195,56842.603473180054
3196,56858.98804654877
3197,56875.37261991749
3198,56893.7049118813
3199,56912.03720384511
3200,56930.36949580892
3201,56946.7019153049
3202,56963.034334800876
3203,56979.366754296854
3204,56993.73507970471
3205,57008.10340511257
3206,57022.471730520425
3207,57037.23021400971
3208,57051.98869749899
3209,57066.74718098828
3210,57082.646377929224
3211,57098.54557487017
3212,57114.44477181112
3213,57129.710009324175
3214,57144.97524683723
3215,57160.24048435029
3216,57175.47174593905
3217,57190.703007527816
3218,57205.93426911658
3219,57220.54885207824
3220,57235.163435039896
3221,57249.778018001554
3222,57265.182596750594
3223,57280.58717549963
3224,57295.99175424867
3225,57311.25865001227
3226,57326.52554577587
3227,57341.79244153947
3228,57356.472565451564
3229,57371.15268936366
3230,57385.83281327576
3231,57397.20776161794
3232,57408.582709960116
3233,57419.95765830229
3234,57426.35508080956
3235,57432.75250331683
3236,57439.149925824095
3237,57444.78991621248
3238,57450.42990660087
3239,57456.069896989255
3240,57463.70566298222
3241,57471.34142897518
3242,57478.977194968145
3243,57489.21445989485
3244,57499.451724821556
3245,57509.68898974826
3246,57523.227271454314
3247,57536.76555316037
3248,57550.30383486642
3249,57564.00560538029
3250,57577.70737589416
3251,57591.409146408034
3252,57603.99266994961
3253,57616.57619349119
3254,57629.15971703277
3255,57642.060033294845
3256,57654.96034955692
3257,57667.86066581899
3258,57678.252227956305
3259,57688.64379009362
3260,57699.03535223094
3261,57710.66344132842
3262,57722.2915304259
3263,57733.91961952338
3264,57750.04490827137
3265,57766.17019701935
3266,57782.29548576734
3267,57800.94264279649
3268,57819.58979982565
3269,57838.2369568548
3270,57860.918097869275
3271,57883.59923888375
3272,57906.28037989822
3273,57930.696569123706
3274,57955.11275834919
3275,57979.528947574676
3276,57997.57310971195
3277,58015.61727184922
3278,58033.6614339865
3279,58045.177124484675
3280,58056.69281498285
3281,58068.20850548103
3282,58079.81074749001
3283,58091.41298949899
3284,58103.01523150797
3285,58116.137606100645
3286,58129.25998069332
3287,58142.382355286
3288,58157.95456992801
3289,58173.52678457003
3290,58189.098999212045
3291,58206.01690523426
3292,58222.93481125648
3293,58239.85271727869
3294,58254.42848638577
3295,58269.004255492844
3296,58283.58002459992
3297,58299.157127728366
3298,58314.73423085681
3299,58330.31133398526
3300,58350.97283656549
3301,58371.63433914572
3302,58392.29584172595
3303,58412.63077500052
3304,58432.96570827509
3305,58453.300641549664
3306,58475.964117787415
3307,58498.627594025165
3308,58521.291070262916
3309,58545.443500919566
3310,58569.595931576216
3311,58593.748362232865
3312,58613.09835223906
3313,58632.448342245254
3314,58651.79833225145
3315,58666.07113154743
3316,58680.34393084342
3317,58694.6167301394
3318,58707.991515227775
3319,58721.36630031615
3320,58734.74108540452
3321,58751.620048022996
3322,58768.49901064147
3323,58785.37797325994
3324,58803.87495276465
3325,58822.37193226936
3326,58840.868911774065
3327,58861.23290976977
3328,58881.59690776548
3329,58901.96090576119
3330,58921.87607949711
3331,58941.79125323303
3332,58961.70642696895
3333,58982.37726146173
3334,59003.0480959545
3335,59023.71893044728
3336,59044.77953741591
3337,59065.84014438454
3338,59086.900751353176
3339,59102.62523069224
3340,59118.3497100313
3341,59134.07418937037
3342,59145.515414850735
3343,59156.956640331104
3344,59168.39786581147
3345,59178.18843000267
3346,59187.97899419387
3347,59197.76955838507
3348,59206.84293584562
3349,59215.91631330617
3350,59224.98969076671
3351,59234.276188620184
3352,59243.562686473655
3353,59252.849184327126
3354,59261.187860129095
3355,59269.526535931065
3356,59277.865211733035
3357,59287.168526454196
3358,59296.47184117536
3359,59305.77515589652
3360,59320.22208834285
3361,59334.66902078919
3362,59349.11595323552
3363,59370.53343680354
3364,59391.95092037156
3365,59413.368403939574
3366,59437.66303454908
3367,59461.95766515858
3368,59486.252295768085
3369,59507.30071184675
3370,59528.349127925416
3371,59549.39754400408
3372,59567.2540880809
3373,59585.110632157724
3374,59602.967176234546
3375,59621.141088482764
3376,59639.31500073098
3377,59657.4889129792
3378,59677.99347263317
3379,59698.49803228714
3380,59719.00259194111
3381,59741.88273917132
3382,59764.76288640153
3383,59787.643033631735
3384,59810.59585200003
3385,59833.54867036832
3386,59856.50148873661
3387,59878.58665890604
3388,59900.671829075465
3389,59922.75699924489
3390,59945.15786176417
3391,59967.55872428345
3392,59989.95958680273
3393,60011.51350924562
3394,60033.067431688505
3395,60054.62135413139
3396,60076.15145105164
3397,60097.68154797189
3398,60119.211644892144
3399,60140.61797750645
3400,60162.02431012076
3401,60183.43064273507
3402,60202.30293694916
3403,60221.17523116326
3404,60240.047525377355
3405,60254.563680980864
3406,60269.07983658437
3407,60283.59599218788
3408,60295.54731385708
3409,60307.49863552628
3410,60319.44995719548
3411,60330.12663818376
3412,60340.803319172046
3413,60351.48000016033
3414,60366.297743419
3415,60381.11548667768
3416,60395.93322993635
3417,60413.43214004422
3418,60430.93105015209
3419,60448.42996025996
3420,60463.3036788698
3421,60478.177397479645
3422,60493.05111608949
3423,60508.39708033092
3424,60523.74304457235
3425,60539.08900881378
3426,60550.14773894819
3427,60561.206469082594
3428,60572.265199217
3429,60582.286922524036
3430,60592.30864583107
3431,60602.33036913811
3432,60611.92385921055
3433,60621.517349282985
3434,60631.110839355424
3435,60641.92171077407
3436,60652.732582192715
3437,60663.54345361136
3438,60673.943507306954
3439,60684.34356100255
3440,60694.74361469814
3441,60706.55200040914
3442,60718.36038612013
3443,60730.16877183113
3444,60750.70816721243
3445,60771.24756259374
3446,60791.78695797504
3447,60814.883841287985
3448,60837.98072460093
3449,60861.077607913874
3450,60883.34413525331
3451,60905.61066259275
3452,60927.87718993219
3453,60950.53458648632
3454,60973.19198304045
3455,60995.84937959458
3456,61021.18242887922
3457,61046.515478163856
3458,61071.84852744849
3459,61092.32894601918
3460,61112.80936458987
3461,61133.28978316056
3462,61148.009508339645
3463,61162.72923351873
3464,61177.448958697816
3465,61193.6306047934
3466,61209.81225088898
3467,61225.99389698456
3468,61244.627842499074
3469,61263.26178801359
3470,61281.8957335281
3471,61303.10309492502
3472,61324.31045632194
3473,61345.51781771886
3474,61367.93507362143
3475,61390.35232952401
3476,61412.769585426584
3477,61433.11788738135
3478,61453.46618933611
3479,61473.814491290876
3480,61489.61923153461
3481,61505.42397177835
3482,61521.228712022086
3483,61536.771459723124
3484,61552.31420742416
3485,61567.8569551252
3486,61592.89224772593
3487,61617.927540326666
3488,61642.9628329274
3489,61675.67330501547
3490,61708.38377710355
3491,61741.09424919162
3492,61777.61637616922
3493,61814.13850314682
3494,61850.660630124425
3495,61892.05403107877
3496,61933.447432033114
3497,61974.84083298746
3498,62015.709693264434
3499,62056.57855354141
3500,62097.44741381839
3501,62133.814486208124
3502,62170.18155859786
3503,62206.5486309876
3504,62238.24974622609
3505,62269.950861464575
3506,62301.65197670306
3507,62332.52144578084
3508,62363.39091485862
3509,62394.260383936395
3510,62428.59801843855
3511,62462.9356529407
3512,62497.273287442855
3513,62532.14940929246
3514,62567.02553114207
3515,62601.90165299168
3516,62629.11521358781
3517,62656.32877418394
3518,62683.54233478007
3519,62704.81218828293
3520,62726.08204178579
3521,62747.35189528865
3522,62770.228964804104
3523,62793.10603431956
3524,62815.98310383501
3525,62839.69729315572
3526,62863.411482476426
3527,62887.125671797134
3528,62910.362515238674
3529,62933.599358680214
3530,62956.836202121754
3531,62980.802134034486
3532,63004.76806594722
3533,63028.73399785995
3534,63047.67561227582
3535,63066.6172266917
3536,63085.55884110757
3537,63098.43516386653
3538,63111.31148662549
3539,63124.18780938445
3540,63135.82782643889
3541,63147.46784349332
3542,63159.10786054776
3543,63171.029119583174
3544,63182.95037861859
3545,63194.871637654
3546,63208.101299148686
3547,63221.33096064337
3548,63234.56062213805
3549,63248.64748677156
3550,63262.734351405066
3551,63276.821216038574
3552,63290.38701587444
3553,63303.952815710305
3554,63317.51861554617
3555,63333.192765148946
3556,63348.86691475172
3557,63364.5410643545
3558,63384.67901273238
3559,63404.81696111026
3560,63424.95490948814
3561,63447.91080294151
3562,63470.86669639488
3563,63493.82258984825
3564,63515.84355567657
3565,63537.86452150489
3566,63559.88548733321
3567,63583.99055650464
3568,63608.09562567608
3569,63632.20069484751
3570,63655.392673312126
3571,63678.58465177674
3572,63701.77663024136
3573,63718.06311495516
3574,63734.34959966897
3575,63750.63608438277
3576,63761.09563240271
3577,63771.55518042264
3578,63782.01472844258
3579,63793.13609300459
3580,63804.25745756661
3581,63815.37882212862
3582,63827.20707466411
3583,63839.0353271996
3584,63850.86357973509
3585,63864.68223446951
3586,63878.50088920393
3587,63892.319543938356
3588,63910.39150305065
3589,63928.46346216294
3590,63946.53542127523
3591,63966.42118486019
3592,63986.306948445155
3593,64006.19271203012
3594,64024.86283255206
3595,64043.532953074005
3596,64062.20307359595
3597,64078.20821537597
3598,64082.834898679444
